Type རྒྱུ་ཆའི་རིགས།,Title མཚན་བྱང་།,Author name མཛད་པ་པོ།,Resource id ,Website link བརྩམས་ཆོས་དྲ་ཐག,yes/no,
འགྲེལ་བ། {ཡི་གེ},སྤྱོད་འཇུག་ཤེས་རབ་ལེའུའི་ཚིག་འགྲེལ་ཆོས་ཀྱི་དབང་པོའི་བསྡུས་དོན་གསལ་བྱེད།,པད་ནོར ༠༢་ཐུབ་བསྟན་ཆོས་ཀྱི་གླང་པོ།,R03A00BBB,http://purl.bdrc.io/resource/WA0XLEAD049B52F28,no,
འགྲེལ་བ། {ཡི་གེ},སྤྱོད་འཇུག་སྒོམ་རིམ་དང་སྤྱོད་འཇུག་ཚིག་འགྲེལ།,མཁན་པོ་ཀུན་དཔལ།,R4B4DD907,http://purl.bdrc.io/resource/WA3CN22828,no,
འགྲེལ་བ། {ཡི་གེ},སྤྱོད་འཇུག་མཆོད་བརྗོད་ཀྱི་ཚིག་འགྲེལ་བློ་གསར་མགུལ་རྒྱན།,འབྲུག་རྗེ་མཁན་པོ ༦༩་དགེ་འདུན་རིན་ཆེན།,R4B22B505,http://purl.bdrc.io/resource/WA0XL0A163CC6198F,no,
འགྲེལ་བ། {ཡི་གེ},སྨོན་ལམ་ལྔ་འགྲེལ་ལས། སྤྱོད་འཇུག་སྨོན་འགྲེལ་སེམས་དཔའི་བཞེད་དོན ༼སྤྱོད་འཇུག་སྨོན་འགྲེལ༽,སྨན་སྡོང་མཚམས་པ་ཀརྨ་ངེས་དོན་བསྟན་རྒྱས།,R4C04B9F4,http://purl.bdrc.io/resource/WA0XL9635E7E4AA4B,no,
འགྲེལ་བ། {ཡི་གེ},སྤྱོད་འཇུག་གི་བཤད་པའི་ཟིན་ཐོ་ཞལ་ལུང་བདུད་རྩིའི་ཟེགས་མ། ,ཤེས་རབ་རྒྱ་མཚོ།,R4C5EEB1E,https://library.bdrc.io/show/bdr:MW1NLM162?part=bdr:MW1NLM162_O1NLM162_009,no,
འགྲེལ་བ། {ཡི་གེ},སྤྱོད་འཇུག་གི་འགྲེལ་པ་ལེགས་པར་བཤད་པའི་རྒྱ་མཚོ།,རྒྱལ་སྲས་ཐོགས་མེད་བཟང་པོ།,R4CE7F499,http://purl.bdrc.io/resource/WA1KG11957,no,
འགྲེལ་བ། {ཡི་གེ},སྤྱོད་འཇུག་གི་འགྲེལ་པ་ཚིག་ཉུང་དོན་གསལ།,ལམ་རིམ་པ་ངག་དབང་ཕུན་ཚོགས།,R4D4D9F34,http://purl.bdrc.io/resource/WA19639,no,
འགྲེལ་བ། {ཡི་གེ},བྱང་ཆུབ་སེམས་དཔའི་སྤྱོད་པ་ལ་འཇུག་པའི་འགྲེལ་བཤད་རྒྱལ་སྲས་རྒྱ་མཚོའི་ཡོན་ཏན་རིན་པོ་ཆེ་མི་ཟད་འཇོ་བའི་བུམ་བཟང་།,དྷཱརྨ་ཀིརྟི་ཀུན་བཟང་བསོད་ནམས།,R7F788F87,http://purl.bdrc.io/resource/WA0XL552C599021F7,no,Tupten Choedak
འགྲེལ་བ། {ཡི་གེ},བྱང་ཆུབ་སེམས་དཔའི་སྤྱོད་པ་ལ་འཇུག་པའི་ཚིག་དོན་ཀུན་གསལ་བར་བྱེད་པ་བསྐལ་བཟང་འཇུག་ངོགས།,དགེ་སློང་གདུགས་དཀར་སྐྱབས།,R8A551D21,http://purl.bdrc.io/resource/MW1NLM288,no,
འགྲེལ་བ། {ཡི་གེ},བྱང་ཆུབ་སེམས་པའི་སྤྱོད་པ་ལ་འཇུག་པའི་ཊཱིཀྐ་རིན་པོ་ཆེའི་ཕྲེང་བ།,རྒྱལ་མཁན་པོ་གྲགས་པ་རྒྱལ་མཚན།,R8B305837,http://purl.bdrc.io/resource/WA4CZ74200,no,
འགྲེལ་བ། {ཡི་གེ},སྤྱོད་འཇུག་རྣམ་བཤད་རྒྱལ་སྲས་འཇུག་ངོགས་ལས་རྩ་འགྲེལ་སོ་སོར་འབྱེད་པ་ནག་པོ་འགྲོ་ཤེས།,ཏྲེ་ཧོར་ཁང་གསར་བློ་བཟང་ཚུལ་ཁྲིམས་བསྟན་པའི་རྒྱལ་མཚན།,R8BF12481,http://purl.bdrc.io/resource/WA0XL846C97B5FBE1,no,
འགྲེལ་བ། {ཡི་གེ},བྱང་ཆུབ་སེམས་དཔའི་སྤྱོད་པ་ལ་འཇུག་པའི་འབྲུ་འགྲེལ།,ཨ་འཛི་ནོར་བུ་དབང་རྒྱལ།,R8F38D155,http://purl.bdrc.io/resource/WA0XL60FBEB493C5A,no,
འགྲེལ་བ། {ཡི་གེ},བྱང་ཆུབ་སེམས་དཔའི་སྤྱོད་པ་ལ་འཇུག་པའི་དཀའ་འགྲེལ།,པཎྜི་ཏ་བཻ་རོ་ཙ་ན་ར་ཥ།,R9ACAADC9,http://purl.bdrc.io/resource/WA0RT3906,no,D3872-final
འགྲེལ་བ། {ཡི་གེ},བྱང་ཆུབ་སེམས་དཔའི་སྤྱོད་པ་ལ་འཇུག་པའི་བཤད་པ།,ཏི་པཾ་ཀ་ར་ཤྲཱི་ཛྙཱ།,R9D53F009,http://purl.bdrc.io/resource/WA0RT3936,no,
འགྲེལ་བ། {ཡི་གེ},བྱང་ཆུབ་སེམས་དཔའི་སྤྱོད་པ་ལ་འཇུག་པའི་རྣམ་པར་བཤད་པའི་དཀའ་འགྲེལ།,ནག་པོ་པ།,R9DCD3008།,http://purl.bdrc.io/resource/WA0RT3218,no,D3873  We will need work on it. 
བསྡུས་དོན།,སྤྱོད་འཇུག་གི་བསྡུས་དོན་མཁས་པའི་མགུལ་རྒྱན།,སྤྱན་སྔ་བློ་གྲོས་རྒྱལ་མཚན།,R12AEE554,http://purl.bdrc.io/resource/WA0XL9B37D5AA0C6E,no,
བསྡུས་དོན།,བྱང་ཆུབ་སེམས་དཔའི་སྤྱོད་པ་ལ་འཇུག་པའི་བསྡུས་དོན།,འཇམ་དབྱངས་ཀུན་དགའ།,R15AF11F8,http://purl.bdrc.io/resource/WA0XL6E55AC487F4A,no,
བསྡུས་དོན།,བྱང་ཆུབ་སེམས་དཔའི་སྤྱོད་པ་ལ་འཇུག་པའི་གཞུང་བསྡུས་དོན་གསལ་བའི་མེ་ལོང་ལྟར་རྣམ་པར་བཤད་པ་ཀུན་གསལ་ཉི་མའི་དཀྱིལ་འཁོར།（༡）,ཨ་སྐྱོང་མཁན་པོ་བློ་བཟང་རྡོ་རྗེ།,R21F04031,http://purl.bdrc.io/resource/WA0XL3940CFFD6562,no,
བསྡུས་དོན།,བྱང་ཆུབ་སེམས་དཔའི་སྤྱོད་པ་ལ་འཇུག་པའི་གཞུང་བསྡུས་དོན་གསལ་བའི་མེད་ལོང་ལྟར་རྣམ་པར་བཤད་པ་ཀུན་གསལ་ཉི་མའི་དཀྱིལ་འཁོར། ༼༢༽,ཨ་སྐྱོང་མཁན་པོ་བློ་བཟང་རྡོ་རྗེ།,R24FFDA50,http://purl.bdrc.io/resource/WA0XL7AF3617FF935,no,
བསྡུས་དོན།,བྱང་ཆུབ་སེམས་དཔའི་སྤྱོད་པ་ལ་འཇུག་པའི་བསྡུས་དོན་ཤཱཀྱའི་དགེ་སློང་ཆོས་ཀྱི་སེང་གེས་སྦྱར་བ།,ཉང་བྲན་ཆོས་ཀྱི་སེངྒེ,R29EC79E4,http://purl.bdrc.io/resource/WA2KG5026,no,
བསྡུས་དོན།,བྱང་ཆུབ་སེམས་དཔའི་སྤྱོད་པ་ལ་འཇུག་པའི་བསྡུས་དོན།,བུ་སྟོན་རིན་ཆེན་གྲུབ།,R33D0D600,http://purl.bdrc.io/resource/WA0XLC82B1135AE34,no,
རྒྱུ་ཆ་གཞན།,བྱང་ཆུབ་སེམས་དཔའི་སྤྱོད་པ་ལ་འཇུག་པའི་ཟིན་བྲིས་འཇམ་དཔལ་ཞལ་ལུང་།,ལྷོ་པ་ཀུན་མཁྱེན་རིན་ཆེན་དཔལ།,R34ED3E7C,http://purl.bdrc.io/resource/WA0XL466C5B22E5CF,no,
འགྲེལ་བ། {ཡི་གེ},གསང་ཕུ་བློ་གྲོས་མཚུངས་མེད་ཀྱིས་མཛད་པའི་སྤྱོད་འཇུག་རྣམ་བཤད་རིན་ཆེན་སྣང་བ།,གཉལ་བ་བློ་གྲོས་མཚུངས་མེད།,R38E3806D,http://purl.bdrc.io/resource/WA0XL03EAFCD91717,no,
བསྡུས་དོན།,སྤྱོད་འཇུག་གི་བསྡུས་དོན།,སློབ་དཔོན་བསོད་ནམས་རྩེ་མོ།,R39BA0944,http://purl.bdrc.io/resource/WA0XLE049A5879C5C,no,
བསྡུས་དོན།,སྤྱོད་འཇུག་གི་བསྡུས་དོན་དང་སློབ་དཔོན་ཞི་བ་ལྷའི་ལོ་རྒྱུས།,,R39DE8F35,http://purl.bdrc.io/resource/WA0XLDD71AEEFC04B,no,
བསྡུས་དོན།,དགེ་སློང་ཕྱྭ་པ་ཆོས་ཀྱི་སེང་གེས་མཛད་པའི་སྤྱོད་འཇུག་བསྡུས་དོན།,ཕྱྭ་པ་ཆོས་ཀྱི་སེངྒེ,R40C82879,http://purl.bdrc.io/resource/WA0XL35285BBD15E4,no,
འགྲེལ་བ། {ཡི་གེ},སྤྱོད་འཇུག་ཤེས་རབ་ལེའུའི་དཀའ་འགྲེལ་ལུང་རིགས་འོད་སྣང་།,གླག་བླ་བསོད་ནམས་ཆོས་འགྲུབ།,R42C4BA6D,http://purl.bdrc.io/resource/WA0XLD4ECB2128610,no,
འགྲེལ་བ། {ཡི་གེ},སྤྱོད་འཇུག་ལེའུ་དགུ་པའི་འགྲེལ་པ་ཟབ་དོན་ལྟ་བའི་མིག་གཅིག་རྟེན་འབྱུང་གཏམ་གྱི་རིན་ཆེན།,བློ་བཟང་དམ་ཆོས་རྒྱ་མཚོ།,R43F069C2,http://purl.bdrc.io/resource/WA0XLC992F5B9802F,no,
རྒྱུ་ཆ་གཞན།,སྤྱོད་འཇུག་ཟིན་བྲིས།,ཕ་བོང་ཁ་པ་བདེ་ཆེན་སྙིང་པོ།,R45A76210,http://purl.bdrc.io/resource/WA0XLCF09045B80F3,no,
འགྲེལ་བ། {ཡི་གེ},རྒྱལ་སྲས་བྱང་ཆུབ་སེམས་དཔའི་སྤྱོད་ལ་འཇུག་པའི་ཤེ་རབ་ལེའུའི་རྣམ་བཤད་རིགས་པའི་སྒོ་འབྱེད།,ཐུབ་བསྟན་དགེ་ལེགས་རྒྱ་མཚོ།,R51A60C07,http://purl.bdrc.io/resource/WA0XLE7537E338226,no,
འགྲེལ་བ། {ཡི་གེ},སྤྱོད་འཇུག་གི་རྣམ་པར་བཤད་པ་དམ་པའི་ཞལ་ལུང་རྨོངས་པའི་མུན་སེལ།,འགྱུར་མེད་རྡོ་རྗེ།,R54BF1B1F,http://purl.bdrc.io/resource/WA0XLF8BB1BD5B5F1,no,
འགྲེལ་བ། {ཡི་གེ},བྱང་ཆུབ་སེམས་དཔའི་སྤྱོད་པ་ལ་འཇུག་པའི་འགྲེལ་པ་ལེགས་པར་བཤད་པ།,རཀ་ར་ཐུབ་བསྟན་ཆོས་དར།,R55F056EF,http://purl.bdrc.io/resource/WA1KG4942,no,
འགྲེལ་བ། {ཡི་གེ},བྱང་ཆུབ་སེམས་དཔའི་སྤྱོད་པ་ལ་འཇུག་པའི་འགྲེལ་པ།,གྲོ་སྟོན་བདུད་རྩི་གྲགས།,R59DCB9EB,http://purl.bdrc.io/resource/WA0XLCF93D1D8B59B,no,
འགྲེལ་བ། {ཡི་གེ},བྱང་ཆུབ་སེམས་དཔའི་སྤྱོད་པ་ལ་འཇུག་པའི་འགྲེལ་པ་ལེགས་པར་བཤད་པའི་རྒྱ་མཚོ།,,R71C844BB,http://purl.bdrc.io/resource/WA0XL4F4C7E40FFB8,no,
འགྲེལ་བ། {ཡི་གེ},བྱང་ཆུབ་སེམས་དཔའི་སྤྱོད་པ་ལ་འཇུག་པའི་འགྲེལ་པའི་གཞུང་དོན་གནང་བ།,སྐད་གཉིས་སྨྲ་བ་བློ་གྲོས་དཔལ་བཟང་།,R77D02577,http://purl.bdrc.io/resource/WA0XLF2B6219DD20D,no,
འགྲེལ་བ། {ཡི་གེ},བྱང་ཆུབ་སེམས་དཔའི་སྤྱོད་པ་ལ་འཇུག་པའི་འགྲེལ་པ་ཕྱོགས་བསྡུས།,,R079BC477,http://purl.bdrc.io/resource/WA3CN23405,no,
འགྲེལ་བ། {ཡི་གེ},བྱང་ཆུབ་སེམས་དཔའ་སྤྱོད་པ་ལ་འཇུག་པའི་འགྲེལ་པ།,བསོད་ནམས་རྩེ་མོ།,R81CD62CD,http://purl.bdrc.io/resource/WA0NGMCP43320,no,
རྒྱུ་ཆ་གཞན།,རྒྱལ་སྲས་ཆེན་པོ་ཞི་བ་ལྷས་མཛད་པའི་སྤྱོད་འཇུག་བཀའ་ཁྲིད་ཟིན་བྲིས།,ཏཱ་ལའི་བླ་མ ༡༤་བསྟན་འཛིན་རྒྱ་མཚོ།,R81DB2948,http://purl.bdrc.io/resource/WA3CN7826,no,
འགྲེལ་བ། {ཡི་གེ},སྤྱོད་འཇུག་བཤད་པའི་སྔོན་འགྲོ་གཞོན་ནུའི་རྣ་རྒྱན།,ཤྲཱི་རི་མ་ཎི།,R82CA6EEA,http://purl.bdrc.io/resource/WA8LS19709,no,
འགྲེལ་བ། {ཡི་གེ},སྤྱོད་འཇུག་འགྲེལ་ཆེན་མི་ཟད་པའི་གཏེར།,དྷཱརྨ་ཀིརྟི།,R93B05A3C,http://purl.bdrc.io/resource/WA0XL990361E166CE,no,
ས་བཅད།,དོན་རྣམ་པར་ངེས་པའི་ཤེས་རབ་རལ་གྲི་།དིང་རི་བརྒྱ་རྩ་དང་སྤྱོད་འཇུག་གི་ས་བཅད། ,"ཕ་དམ་པ་སངས་རྒྱས། འཇུ་མི་ཕམ་འཇམ་དབྱངས་རྣམ་རྒྱལ་རྒྱ་མཚོ། 
འཇུ་མི་ཕམ་འཇམ་དབྱངས་རྣམ་རྒྱལ་རྒྱ་མཚོ།",R94B4224E,http://purl.bdrc.io/resource/WA8LS17113,no,
འགྲེལ་བ། {ཡི་གེ},བྱང་ཆུབ་སེམས་དཔའི་སྤྱོད་པ་འཇུག་པའི་འགྲེལ་པ་ལེགས་པར་བཤད་པ་བསྡུས་པ།,གཙང་ནག་པ་བརྩོན་འགྲུས་སེངྒེ,R110D91F4,http://purl.bdrc.io/resource/WA14345,no,
འགྲེལ་བ། {ཡི་གེ},སྤྱོད་འཇུག་ལ་དཔལ་སྤྲུལ་རིན་པོ་ཆེའི་ཞལ་རྒྱུན་ཟིན་བྲིས་མཁན་ཀུན་དཔལ་ཕྱག་དཔེ་ལས་བཤུས་པའོ,མཁན་པོ་ཀུན་དཔལ།,R119D48D9,http://purl.bdrc.io/resource/WA0NGMCP60151,no,
འགྲེལ་བ། {ཡི་གེ},སྤྱོད་འཇུག་ཤེས་རབ་ལེའུཨཻ་ཊྚིཀྐ་བློ་གསལ་བ།,སེ་ར་རྗེ་བཙུན་ཆོས་ཀྱི་རྒྱལ་མཚན།,R123B5961,http://purl.bdrc.io/resource/WA1NLM861,no,
འགྲེལ་བ། {ཡི་གེ},སྤྱོད་འཇུག་ཤེས་རབ་ལེའུའི་འགྲེལ་པ།,མི་ཉག་རྩ་ར་མཁན་ཆེན་ཐུབ་བསྟན་ཆོས་ཀྱི་གྲགས་པ།,R217FF994,http://purl.bdrc.io/resource/WA8LS20005,no,
རྒྱུ་ཆ་གཞན།,སྤྱོད་འཇུག་ཤེར་ལེ་བརྒལ་ལན་ཉིན་བྱེད་སྣང་བ།,འཇུ་མི་ཕམ་འཇམ་དབྱངས་རྣམ་རྒྱལ་རྒྱ་མཚོ།,R233F488D,http://purl.bdrc.io/resource/WA4998,no,
འགྲེལ་བ། {ཡི་གེ},སྤྱོད་འཇུག་ཤེས་རབ་ལེའུའི་སྤྱི་དོན་དང་གཞུང་འགྲེལ།,དྷཱརྨ་ཀིརྟི།,R243E4159,http://purl.bdrc.io/resource/WA1KG12025,no,
འགྲེལ་བ། {ཡི་གེ},སྤྱོད་འཇུག་རྩ་བ་དང་འགྲེལ་པ་ཚིག་དོན་ཀུན་གསལ་བར་བྱེད་པ་སྐལ་བཟང་རྣམས་ཀྱི་འཇུག་ངོགས།,ཨུ་རྒ་བླ་མ་བློ་བཟང་དཔལ་ལྡན།,R243F451D,http://purl.bdrc.io/resource/WA1KG10436,no,
ས་བཅད།,སྤྱོད་འཇུག་རྩ་བ་དང་ས་བཅད་སྦྱར་བ།,དཔའ་བོ ༠༢་གཙུག་ལག་འཕྲེང་བ།,R399B2D94,http://purl.bdrc.io/resource/WA3CN552,no,
འགྲེལ་བ། {ཡི་གེ},སྤྱོད་འཇུག་གི་རྩ་འགྲེལ་གཅེས་བཏུས།,བུ་སྟོན་རིན་ཆེན་གྲུབ།,R411B159A,http://purl.bdrc.io/resource/WA3CN7868,no,
འགྲེལ་བ། {ཡི་གེ},སྤྱོད་འཇུག་ཆེན་མོ་གླེང་བ།,ཆབ་ཚང་འཇམ་དཔལ།,R464E7AA6,http://purl.bdrc.io/resource/WA1KG14001,no,
འགྲེལ་བ། {ཡི་གེ},སྤྱོད་འཇུག་ཤེས་རབ་ལེའི་གཞུང་དོན།,དྷཱརྨ་ཀིརྟི་ཀུན་བཟང་བསོད་ནམས།,R510EAF25,http://purl.bdrc.io/resource/WA0XL6E3EA8FBF9BE,no,
འགྲེལ་བ། {ཡི་གེ},མདོ་སྡེ་རྒྱན་དང་རྒྱུད་བླ་མ་སྤྱོད་འཇུག་རྣམས་ཀྱི་འགྲེལ་ཊཱིཀྐ་གི་དབུ་ཞབས་ཀྱི་ཚིགས་བཅད།,རྒྱལ་སྲས་ཐོགས་མེད་བཟང་པོ།,R740C7AEC,http://purl.bdrc.io/resource/WA0XL48301A149422,no,
འགྲེལ་བ། {ཡི་གེ},སྤྱོད་འཇུག་འགྲེལ་པ་བྱང་ཆུབ་གཞུང་ལམ་གསལ་བྱེད་ཉི་མའི་སྣང་བ།,གཏེར་ཆེན་འཇིགས་མེད་རྡོ་རྗེ་དཔའ་བོ།,R914DACAE,http://purl.bdrc.io/resource/WA0XL11CB4726F436,no,
འགྲེལ་བ། {ཡི་གེ},བསླས་བཏུས་དང་སྤྱོད་འཇུག་གི་ཁྲིད།,སྐྱོ་སྟོན་སྨོན་ལམ་ཚུལ་ཁྲིམས།,R2663F7A0,http://purl.bdrc.io/resource/WA0XL626CB5F05F64,no,
འགྲེལ་བ། {ཡི་གེ},སྤྱོད་འཇུག་ཤེར་ལེའི་འབྲུ་འགྲེལ་ཀུན་མཁྱེན་བླ་མའི་གསུང་ལས་བཏུས་པ་རབ་གསལ་ནོར་བུའི་སྒྲོན་མེ།,པདྨ་བི་ཛ་ཡ།,R5563D438,http://purl.bdrc.io/resource/WA0XL14F3E1A1DFBB,no,
འགྲེལ་བ། {ཡི་གེ},སྤྱོད་འཇུག་རྒྱ་འགྲེལ།,རྫོགས་ཆེན་མཁན་པོ་ཐུབ་བསྟན་བརྩོན་འགྲུས།,R8719CDDF,http://purl.bdrc.io/resource/WA0XLEF017FE2F790,no,
འགྲེལ་བ། {ཡི་གེ},སྤྱོད་འཇུག་འགྲེལ་པ་དམ་པའི་དགོངས་རྒྱན།,,R8728B4BB,http://purl.bdrc.io/resource/WA0XL2B358E60649F,no,
རྒྱུ་ཆ་གཞན།,སྤྱོད་འཇུག་ལུང་གི་བརྒྱུད་པ།,ཚེ་མཆོག་གླིང་ཡོངས་འཛིན་ཡེ་ཤེས་རྒྱལ་མཚན། སྐྱིད་ཤོད་ཞབས་དྲུང་ངག་དབང་བསྟན་འཛིན་འཕྲིན་ལས།,R9784EEAD,http://purl.bdrc.io/resource/WA0XL83E911AB0BE1,no,
འགྲེལ་བ། {ཡི་གེ},སྤྱོད་འཇུག་ཆེན་མོའི་དཀའ་འགྲེལ།,འབྲོམ་བཙུན་ཤེར་འབྱུང་བློ་གྲོས།,R34464D6A,http://purl.bdrc.io/resource/WA0XLDDD2245DEF4C,no,
འགྲེལ་བ། {ཡི་གེ},སྤྱོད་འཇུག་གི་བཤད་པའི་ཟིན་ཐོ་ཞལ་ལུང་བདུད་རྩིའི་ཟགས་མ།,ཨ་ཁུ་ཆིང་ཤེས་རབ་རྒྱ་མཚོ།,R39901ED5,http://purl.bdrc.io/resource/WA0XL31347D8BF98B,no,
འགྲེལ་བ། {ཡི་གེ},སྤྱོད་འཇུག་ཤེས་རབ་ལེའུའི་འགྲེལ་པ།,བུ་རི་བ་བྱང་ཆུབ་སྐྱབས།,R67461C22,http://purl.bdrc.io/resource/WA0XLFC4C19797203,no,
འགྲེལ་བ། {ཡི་གེ},སྤྱོད་འཇུག་འགྲེལ་པ་ལེགས་བཤད་སྣང་བ།,,R6275555D,http://purl.bdrc.io/resource/WA0XL915A7129D165,no,
རྒྱུ་ཆ་གཞན།,སྤྱོད་འཇུག་སྒོམ་རིམ་རིན་ཆེན་རྒྱན་ཕྲེང་།,རོང་སྟོན་ཤེས་བྱ་ཀུན་རིག,R7484757A,http://purl.bdrc.io/resource/WA0XL876785323BAC,no,
རྒྱུ་ཆ་གཞན།,སྤྱོད་འཇུག་བརྒྱུད་པའི་གསོལ་འདེབས་བདུད་རྩིའི་འཁྲི་ཤིང་།,རག་མགོ་མཆོག་སྤྲུལ་ཐུབ་བསྟན་བཤད་སྒྲུབ་རྒྱ་མཚོ།,R08858508,http://purl.bdrc.io/resource/WA0XLD30E14CC9FDB,no,
འགྲེལ་བ། {ཡི་གེ},སྤྱོད་འཇུག་འགྲེལ་པ་ཐར་པའི་འཇུག་ངོགས།,,R33484238,http://purl.bdrc.io/resource/WA0XL0DAE8ADE4888,no,
འགྲེལ་བ། {ཡི་གེ},༦༦ སྤྱོད་འཇུག་ལེའུ་བཞི་པའི་འགྲེལ་པ་དཔལ་ལྡན་བླ་མའི་ཞལ་རྒྱུན་རབ་གསལ། འཇིགས་མེད་ཆོས་འཕེལ་བཟང་པོ།,རྫ་དཔལ་སྤྲུལ་ཨོ་རྒྱན་འཇིགས་མེད་ཆོས་ཀྱི་དབང་པོ།,R64064435,http://purl.bdrc.io/resource/WA0XLEA4491C28CEE,no,
འགྲེལ་བ། {ཡི་གེ},སྤྱོད་འཇུག་གི་མཆོད་འགྲིགས་བདུད་རྩིའི་ཆུ་གཏེར།,,R72614181,http://purl.bdrc.io/resource/WA0XLB38641C47FEA,no,
འགྲེལ་བ། {ཡི་གེ},སྤྱོད་འཇུག་བསྔོ་ལེའི་ཉམས་ལེན་ཟིན་ཐོ།,རག་མགོ་མཆོག་སྤྲུལ་ཐུབ་བསྟན་བཤད་སྒྲུབ་རྒྱ་མཚོ།,RA6BC7969,http://purl.bdrc.io/resource/WA0XL29E4E1B85960,no,
ས་བཅད།,བྱང་ཆུབ་སེམས་དཔའི་སྤྱོད་པ་ལ་འཇུག་པའི་བཤད་ཁྲིད་ཀྱི་ས་བཅད།,ཕ་བོང་ཁ་པ་བདེ་ཆེན་སྙིང་པོ།,RA311AA04,http://purl.bdrc.io/resource/WA0XL65687DD60AE1,no,
འགྲེལ་བ། {ཡི་གེ},སྤྱོད་འཇུག་གི་མཆན་འགྲེལ།,ན་ལེནྡྲ་འི་མཁན་པོ་ཚུལ་ཁྲིམས་རྒྱལ་མཚན།,RAAA17CA7,http://purl.bdrc.io/resource/WA0XL385EECAA8E58,no,
འགྲེལ་བ། {ཡི་གེ},སྤྱོད་འཇུག་འཆད་ཐབས་བློ་གསར་མགུལ་རྒྱན།,ཨ་སྐྱོང་རྟོགས་ལྡན་བློ་གྲོས་རྒྱ་མཚོ།,RAAB4A8E9,http://purl.bdrc.io/resource/WA0XLCB6ABCB65A58,no,
རྒྱུ་ཆ་གཞན།,བྱང་ཆུབ་སེམས་དཔའི་སྤྱོད་འཇུག་ལས་གསུངས་པའི་བསྔོ་བའི་ལེའུ་སྨོན་ལམ་གྱི་ལུང་ཐོབ་པ།,བྲག་དཀར་རྟ་སོ་སྤྲུལ་སྐུ་ཆོས་ཀྱི་དབང་ཕྱུག,RAB6A9AF9,http://purl.bdrc.io/resource/WA0XLD5EDC1E91A07,no,
རྒྱུ་ཆ་གཞན།,སྤྱོད་འཇུག་འཁོར་ལོ་ལྟ་བུའི་ལམ་རྒྱུད་ལ་ཇི་ལྟར་སྐྱེ་བའི་རིམ་པ།,ཨ་ཏི་ཤ,RAE1B600A,http://purl.bdrc.io/resource/WA0XL49D16FAF2DB0,no,
རྒྱུ་ཆ་གཞན།,སྤྱོད་འཇུག་བཟོད་ལེའི་གཙོ་བོ་དགག་པ།,གླག་བླ་བསོད་ནམས་ཆོས་འགྲུབ།,RAFF2666B,http://purl.bdrc.io/resource/WA0XL509F7A274C45,no,
འགྲེལ་བ། {ཡི་གེ},སྤྱོད་འཇུག་གི་ཊི་ཀ,སློབ་དཔོན་བསོད་ནམས་རྩེ་མོ།,RB8BED8E6,http://purl.bdrc.io/resource/WA0XL885B85C56B30,no,
འགྲེལ་བ། {ཡི་གེ},སྤྱོད་འཇུག་ཏུ་དྲངས་རྒྱུའི་ལུང་བཏུས་རིན་ཆེན་ཕྲེང་བ།,གླག་བླ་བསོད་ནམས་ཆོས་འགྲུབ།,RB4584BD6,http://purl.bdrc.io/resource/WA0XL62AA0CD20BDB,no,
འགྲེལ་བ། {ཡི་གེ},སྤྱོད་འཇུག་གི་མཚན་དོན།,འབྲུག་རྗེ་མཁན་པོ ༦༩་དགེ་འདུན་རིན་ཆེན།,RB7873FB8,http://purl.bdrc.io/resource/WA0XL3046C836A386,no,
འགྲེལ་བ། {ཡི་གེ},སྤྱོད་འཇུག་ཀླད་དོན།,གླག་བླ་བསོད་ནམས་ཆོས་འགྲུབ།,RB11721A7,http://purl.bdrc.io/resource/WA0XL2BBB6CCFEF46,no,
འགྲེལ་བ། {ཡི་གེ},སྤྱོད་འཇུག་ཤེས་རབ་ལེའུའི་རྩོད་སྤོང་ལྟ་གྲུབ་གསལ་བྱེད་མེ་མོང་།,འབྲུག་རྗེ་མཁན་པོ ༦༩་དགེ་འདུན་རིན་ཆེན།,RB84554BF,http://purl.bdrc.io/resource/WA0XL46AC9070E66F,no,
འགྲེལ་བ། {ཡི་གེ},གྲགས་ཆེན་བཅོ་བརྒྱད་ལས་སྤྱོད་འཇུག་གི་འགྲེལ་སྐོར་པོད་གཉིས་པ། ༼ཁ་ཤོག༽,,RB88544DB,http://purl.bdrc.io/resource/WA0XLAADC7691EAB2,no,
འགྲེལ་བ། {ཡི་གེ},སྤྱོད་འཇུག་ཤེས་རབ་ལེའུའི་གཞུང་འགྲེལ་ཟབ་མོ་རྟེན་འབྱུང་གི་དེ་ཁོ་ན་ཉིད་གསལ་བའི་སྒྲོན་མེ།,ཐུབ་བསྟན་ཆོས་ཀྱི་གྲགས་པ།,RB703570B,http://purl.bdrc.io/resource/WA0XL095C1B4900AB,no,
འགྲེལ་བ། {ཡི་གེ},སྤྱོད་འཇུག་ལེའུ་བཞི་དང་འབྲེལ་པའི་༑་མཆོད་ཆོག་ཚོགས་གཉིས་ལམ་བཟང་།,ངག་དབང་ཕྲིན་ལས།,RBB4E600D,http://purl.bdrc.io/resource/WA0NGMCP70588,no,
འགྲེལ་བ། {ཡི་གེ},སྤྱོད་འཇུག་གི་གཞུང་ངོ་སྤྲོད་དང་སངས་རྒྱས་ཆོས་ལུགས་ཀྱི་མཚན་ཉིད་རིག་པ།,དུང་དཀར་བློ་བཟང་འཕྲིན་ལས།,RBB8B80B0,http://purl.bdrc.io/resource/WA3CN22890,no,
འགྲེལ་བ། {ཡི་གེ},སྤྱོད་འཇུག་རྣམ་བཤད་རྒྱལ་སྲས་འཇུག་ངོགས་ལས་བསྔོ་བའི་ལེའུའི་འགྲེལ་པ།,,RBBBBBCE1,http://purl.bdrc.io/resource/WA0XLDB0AF91FF157,no,
འགྲེལ་བ། {ཡི་གེ},སྤྱོད་འཇུག་སྨོན་ལམ་གྱི་སྟེང་ནས་གཏོང་ལེན་གྱི་དམིགས་པ་སྐྱོང་ཚུལ།,,RBD7DE9AC,http://purl.bdrc.io/resource/WA0XLA1A38601BBC0,no,
འགྲེལ་བ། {ཡི་གེ},སྤྱོད་འཇུག་གི་བཤད་པ།,,RC6FDB1AA,http://purl.bdrc.io/resource/MW2KG5025,no,
འགྲེལ་བ། {ཡི་གེ},སྤྱོད་འཇུག་འགྲེལ་གསར་བློ་བཟང་བླ་མའི་ཞལ་ལུང་།,ལཀ་ཥི་མཱི།,RC20F12D1,http://purl.bdrc.io/resource/WA0NGMCP47715,no,
འགྲེལ་བ། {ཡི་གེ},སྤྱོད་འཇུག་གི་མཆན་བུ་ཚིག་གསལ་མེ་ལོང་།,,RC43073AC,http://purl.bdrc.io/resource/MW1NLM3328,no,
རྒྱུ་ཆ་གཞན།,སྤྱོད་འཇུག་ལས་བྱུང་བའི་མཆོད་ཕྲེང་ནི།,ཀརྨ་ངག་དབང་ཡོན་ཏན།,RCAA3F0A6,http://purl.bdrc.io/resource/WA0NGMCP51674,no,
ས་བཅད།,དབུ་མའི་ས་བཅད་སྙིང་པོ་སྐོར་བཞི་ལས་སྤྱོད་འཇུག་ས་བཅད་ཞི་བའི་སྙིང་པོ།,,RCB7BCB1B,http://purl.bdrc.io/resource/WA0NGMCP58035,no,
འགྲེལ་བ། {ཡི་གེ},སྤྱོད་འཇུག་ལེའུ་དང་པོའི་འགྲེལ་པ།,བོ་དོང་པཎ་ཆེན་ཕྱོགས་ལས་རྣམ་རྒྱལ།,RCC9A05D3,http://purl.bdrc.io/resource/WA0XLB3F3262E4026,no,
ས་བཅད།,སྤྱོད་འཇུག་ས་བཅད་ལམ་བཟང་རབ་གསལ།,"མཁན་ཆེན་མཁྱེན་རབ་ཆོས་ཀྱི་འོད་ཟེར།",RCCEC551B,http://purl.bdrc.io/resource/WA0NGMCP49322,no,
འགྲེལ་བ། {ཡི་གེ},སྤྱོད་འཇུག་ལ་སོགས་པའི་གཞུང་སྤྱིའི་མཚན་དོན་གྱི་བཤད་པ།,དགའ་རབ་རྡོ་རྗེ།,RD7B1650B,http://purl.bdrc.io/resource/WA0NGMCP47394,no,
འགྲེལ་བ། {ཡི་གེ},སྤྱོད་འཇུག་མཆན་འགྲེལ་ཡན་ལག,,RD558F114,http://purl.bdrc.io/resource/WA0NGMCP66780,no,
འགྲེལ་བ། {ཡི་གེ},སྤྱོད་འཇུག་སྨོན་ལམ་ཚོགས་གཉིས་གསེར་གྱི་ཤིང་རྟ།,,RD69896EA,http://purl.bdrc.io/resource/WA0XL5604EB190277,no,
དཔེ་ཁྲིད། {སྒྲའམ་བརྙན་},བྱང་ཆུབ་སེམས་པའི་སྤྱོད་པ་ལ་འཇུག་པ།,མཁན་སྤྲུལ་འཇམ་དབྱངས་སྦྱིན་པ་རྒྱ་མཚོ།,RDB9DAB8A,https://soundcloud.com/user-400759752/004a4,no,
དཔེ་ཁྲིད། {སྒྲའམ་བརྙན་},སྤྱོད་འཇུག་ཐོགས་འགྲེལ།,མཁན་པོ་ཚུལ་ཁྲིམས་བློ་གྲོས།,RDD9D3CD6,https://freewechat.com/a/MzAwNTI5MDk5Nw==/2651461874/2,no,
དཔེ་ཁྲིད། {སྒྲའམ་བརྙན་},སྤྱོད་འཇུག,དགའ་ལྡན་རྒན་སྙན་གྲགས་རིན་པོ་ཆེ།,RDDFF4E7B,https://hu-hu.facebook.com/teachtibetan/videos/%E0%BD%A6%E0%BE%A4%E0%BE%B1%E0%BD%BC%E0%BD%91%E0%BD%A0%E0%BD%87%E0%BD%B4%E0%BD%82-%E0%BD%A3%E0%BD%BA%E0%BD%A0%E0%BD%B4%E0%BD%A3%E0%BE%94%E0%BD%94-%E0%BD%A4%E0%BD%BA%E0%BD%A6%E0%BD%96%E0%BD%9E%E0%BD%B2%E0%BD%93%E0%BD%A6%E0%BE%B2%E0%BD%B4%E0%BD%84%E0%BD%96-%E0%BD%A0%E0%BD%86%E0%BD%91%E0%BD%81%E0%BE%B2%E0%BD%B2%E0%BD%91%E0%BD%94-%E0%BD%96%E0%BD%BC%E0%BD%91%E0%BD%91%E0%BD%82%E0%BD%A0%E0%BD%A3%E0%BE%A1%E0%BD%93%E0%BD%A2%E0%BE%92%E0%BD%93%E0%BD%A6%E0%BE%99%E0%BD%93%E0%BD%82%E0%BE%B2%E0%BD%82%E0%BD%A6%E0%BD%A2%E0%BD%B2%E0%BD%93%E0%BD%94%E0%BD%BC%E0%BD%86%E0%BD%BA/135134655204171/,no,
འགྲེལ་བ། {ཡི་གེ},བྱང་ཆུབ་སེམས་དཔའི་སྤྱོད་པ་ལ་འཇུག་པའི་འགྲེལ་བཤད་རྒྱལ་སྲས་རྒྱ་མཚོའི་ཡོན་ཏན་རིན་པོ་ཆེ་མི་ཟད་འཇོ་བའི་བུམ་བཟང་།,དྷཱརྨ་ཀིརྟི་ཀུན་བཟང་བསོད་ནམས།,R7F788F87,http://purl.bdrc.io/resource/WA0XL552C599021F7,no,Tupten Choedak
འགྲེལ་བ། {ཡི་གེ},བྱང་ཆུབ་སེམས་དཔའི་སྤྱོད་པ་ལ་འཇུག་པའི་རྣམ་པར་བཤད་པའི་དཀའ་འགྲེལ།,ནག་པོ་པ།,R9DCD3008།,http://purl.bdrc.io/resource/WA0RT3218,no,D3873  We will need work on it. 
དཔེ་ཁྲིད། {སྒྲའམ་བརྙན་},སྤྱོད་འཇུག་ཆེན་མོའི་བཀའ་ཁྲིད།,ཏཱ་ལའི་བླ་མ ༡༤་བསྟན་འཛིན་རྒྱ་མཚོ།,RDF779D7F,https://www.youtube.com/watch?v=aGpJB_ZEW2A&list=RDCMUCprjZGYXe2TPAd2LydWhk8A&index=1,no,
དཔེ་ཁྲིད། {སྒྲའམ་བརྙན་},བྱང་ཆུབ་སེམས་པའི་སྤྱོད་པ་ལ་འཇུག་པ།,མཁན་ཆེན་ངག་དབང་ཀུན་དཀའ་དབང་ཕྱུག,RDF8004F7,"https://www.google.com/search?q=%E0%BD%A6%E0%BE%A4%E0%BE%B1%E0%BD%BC%E0%BD%91%E0%BC%8B%E0%BD%A0%E0%BD%87%E0%BD%B4%E0%BD%82%E0%BC%8B%E0%BD%A0%E0%BD%86%E0%BD%91%E0%BC%8B%E0%BD%81%E0%BE%B2%E0%BD%B2%E0%BD%91&rlz=1C1CHBD_enIN820IN829&tbm=vid&ei=HQutZPHfMpaaseMPq6WiqAQ&start=20&sa=N&ved=2ahUKEwix4v_2loaAAxUWTWwGHauSCEU4ChDy0wN6BAgOEAc&biw=1366&bih=657&dpr=1#fpstate=ive&vld=cid:8a8f438c,vid:IaP1rTCjEds",no,
འགྲེལ་བ། {ཡི་གེ},སྤྱོད་འཇུག་ཤེར་ལེའི་འབྲུ་འགྲེལ་སྲིན་ཆུང་འཕོངས་ཀྱི་འོད་སྣང་།,དཔྱི་ས་བློ་གྲོས་རྒྱ་མཚོ།,R48E48ED0,http://purl.bdrc.io/resource/WA0XLBF4622B2DDE7,yes,
འགྲེལ་བ། {ཡི་གེ},སྤྱོད་འཇུག་རྣམ་བཤད་རྒྱལ་སྲས་འཇུག་ངོགས།,རྒྱལ་ཚབ་དར་མ་རིན་ཆེན།,R8B4D6B85,http://purl.bdrc.io/resource/WA1KG4472,yes,
འགྲེལ་བ། {ཡི་གེ},བྱང་ཆུབ་སེམས་དཔའ་སྤྱོད་པ་ལ་འཇུག་པའི་ཚིག་འགྲེལ་འཇམ་དབྱངས་བླ་མའི་ཞལ་ལུང་།,,RC9525261,http://purl.bdrc.io/resource/WA0NGMCP42965,yes,
འགྲེལ་བ། {ཡི་གེ},བྱང་ཆུབ་སེམས་དཔའི་སྤྱོད་ལ་འཇུག་པ་ཞེས་བྱ་བའི་མཆན་འགྲེལ།,གཞན་ཕན་བྱམས་པ།,RBE933E04,http://purl.bdrc.io/resource/WA0NGMCP69090,yes,
འགྲེལ་བ། {ཡི་གེ},སྤྱོད་འཇུག་འགྲེལ་པ་གཞུང་དོན་རབ་གསལ་སྣང་བ།,ས་བཟང་མ་ཏི་པཎ་ཆེན་བློ་གྲོས་རྒྱལ་མཚན།,R4FF99FF8,http://purl.bdrc.io/resource/WA1660,Yes,
འགྲེལ་བ། {ཡི་གེ},བྱང་ཆུབ་སེམས་དཔའི་སྤྱོད་པ་ལ་འཇུག་པའི་རྣམ་པར་བཤད་པ་ཐེག་ཆེན་ཆོས་ཀྱི་རྒྱ་མཚོ་ཟབ་རྒྱས་མཐའ་ཡས་པའི་སྙིང་པོ།,དཔའ་བོ ༠༢་གཙུག་ལག་འཕྲེང་བ།,R5AE8A774,http://purl.bdrc.io/resource/WA0XLECA1AA154C81,yes,
འགྲེལ་བ། {ཡི་གེ},བྱང་ཆུབ་སེམས་དཔའི་སྤྱོད་པ་ལ་འཇུག་པའི་རྣམ་པར་བཤད་པ་ཐེག་ཆེན་ཆོས་ཀྱི་རྒྱ་མཚོ་ཟབ་རྒྱས་མཐའ་ཡས་པའི་སྙིང་པོ།,སྒམ་པོ་པ་བསོད་ནམས་རིན་ཆེན།,R5BAFD164,http://purl.bdrc.io/resource/WA30014,yes,
འགྲེལ་བ། {ཡི་གེ},བྱང་ཆུབ་སེམས་དཔའི་སྤྱོད་པ་ལ་འཇུག་པའི་འགྲེལ་པ་བྱང་ཆུབ་ཀྱི་སེམས་གསལ་བར་བྱེད་པ་ཟླ་བའི་འོད་ཟེར།,བུ་སྟོན་རིན་ཆེན་གྲུབ།,R6D6A899B,http://purl.bdrc.io/resource/WA0XLF897C4B49D0C,yes,
འགྲེལ་བ། {ཡི་གེ},བྱང་ཆུབ་སེམས་དཔའི་སྤྱོད་པ་ལ་འཇུག་པའི་རྣམ་པར་བཤད་པ་གཞུང་དོན་སྣང་བ།,ལོ་ཙཱ་བ་བློ་གྲོས་དཔལ་བཟང་།,R6F6BF20A,http://purl.bdrc.io/resource/WA1AC379,yes,
འགྲེལ་བ། {ཡི་གེ},སྤྱོད་འཇུག་འགྲེལ་པ་ངེས་ལེགས་མཛོད།,གནས་གསར་བཀྲ་ཤིས་ཆོས་འཕེལ།,R6F6FCD5B,http://purl.bdrc.io/resource/WA0XLBD800F29DAEE,yes,
འགྲེལ་བ། {ཡི་གེ},སྤྱོད་འཇུག་འགྲེལ་པ་མཚུངས་མེད་བླ་མའི་ཞལ་རྒྱུན།,ཚྭ་ཉག་ཤེས་རབ་མཐར་ཕྱིན།,R7C4F81AA,http://purl.bdrc.io/resource/MW4CZ295080,yes,
འགྲེལ་བ། {ཡི་གེ},སྤྱོད་འཇུག་འགྲེལ་པ་རབ་ཏུ་གསལ་བ།,བོ་དོང་པཎ་ཆེན་ཕྱོགས་ལས་རྣམ་རྒྱལ།,R7D2C5953,http://purl.bdrc.io/resource/WA0XL6A3765E4FDC4,yes,
འགྲེལ་བ། {ཡི་གེ},བྱང་ཆུབ་སེམས་དཔའི་སྤྱོད་པ་ལ་འཇུག་པའི་འགྲེལ་པ།,ས་ཆེན་ཀུན་དགའ་སྙིང་པོ།,R7F7F6FC2,http://purl.bdrc.io/resource/WA0XL6BA50B1F90E8,yes,
འགྲེལ་བ། {ཡི་གེ},སྤྱོད་འཇུག་ཤེས་རབ་ཀྱི་ལེའུའི་ཚིག་དོན་གོ་སླ་བར་རྣམ་པར་བཤད་པ་ནོར་བུ་ཀེ་ཏ་ཀ,འཇུ་མི་ཕམ་འཇམ་དབྱངས་རྣམ་རྒྱལ་རྒྱ་མཚོ།,R8C148471,http://purl.bdrc.io/resource/WA0XLDB48194DA341,yes,
འགྲེལ་བ། {ཡི་གེ},སྤྱོད་འཇུག་གི་འབྲུ་འགྲེལ་དབུ་མའི་ལམ་གྱི་སྒྲོན་མ།,འབྲུག་ཆེན ༠༤་པདྨ་དཀར་པོ།,R8D4B3A0C,http://purl.bdrc.io/resource/WA1KG12679,yes,
འགྲེལ་བ། {ཡི་གེ},བྱང་ཆུབ་སེམས་དཔའི་སྤྱོད་པ་ལ་འཇུག་པ་ཞེས་བྱ་བའི་མཆན་འགྲེལ།,རྒྱ་ཀོང་མཁན་ཆེན་གཞན་ཕན་ཆོས་ཀྱི་སྣང་བ།,R8D5953D0,http://purl.bdrc.io/resource/WA1KG3711,yes,
འགྲེལ་བ། {ཡི་གེ},བྱང་ཆུབ་སེམས་དཔའི་སྤྱོད་པ་ལ་འཇུག་པའི་ས་བཅད་དོན་གསལ་མེ་ལོང་དང་སྤྱོད་འཇུག་མཆན་འགྲེལ་མཁན་པོ་གཞན་དགས་མཛད་པ།,རྫ་དཔལ་སྤྲུལ་ཨོ་རྒྱན་འཇིགས་མེད་ཆོས་ཀྱི་དབང་པོ།,R8EBE76B5,http://purl.bdrc.io/resource/WA1KG3818,yes,
འགྲེལ་བ། {ཡི་གེ},བྱང་ཆུབ་སེམས་དཔའི་སྤྱོད་པ་ལ་འཇུག་པའི་ལེགས་པར་སྦྱར་བ།,དགེ་བའི་ལྷ།,R9A454784,http://purl.bdrc.io/resource/WA0RT3219,yes,D3874-final
འགྲེལ་བ། {ཡི་གེ},བྱང་ཆུབ་སེམས་དཔའི་སྤྱོད་པ་ལ་འཇུག་པའི་དཀའ་འགྲེལ།,ཤེས་རབ་འབྱུང་གནས་བློ་གྲོས།,R9ACAFA99,http://purl.bdrc.io/resource/WA21708,yes,D3875-final
འགྲེལ་བ། {ཡི་གེ},བྱང་ཆུབ་སེམས་དཔའི་སྤྱོད་པ་ལ་འཇུག་པའི་དཀའ་འགྲེལ་དང་ལུང་སྦྱོར་མདོར་བསྡུས་འཇམ་དབྱངས་བླ་མའི་དགོངས་གསལ།,ལི་ཐང་སྡེ་གཞུང་སྤྲུལ་སྐུ,R9AD0C608,http://purl.bdrc.io/resource/WA0XL4A02710267C2,yes,
འགྲེལ་བ། {ཡི་གེ},བྱང་ཆུབ་ཀྱི་སྤྱོད་པ་ལ་འཇུག་པའི་དགོངས་པའི་འགྲེལ་པ་ཁྱད་པར་གསལ་བྱེད།,པཎྜི་ཏ་བི་བྷུ་ཏི་ཙནྡྲ།,R9B72A4A4,http://purl.bdrc.io/resource/WA0RT3225,yes,D3880-final
བསྡུས་དོན།,སྤྱོད་འཇུག་བསྡུས་དོན།,རྗེ་བཙུན་གྲགས་པ་རྒྱལ་མཚན།,R9FAFA0A0,http://purl.bdrc.io/resource/WA0XL1F093687C3AB,yes,
བསྡུས་དོན།,བྱང་ཆུབ་སེམས་དཔའི་སྤྱོད་པ་ལ་འཇུག་པའི་བསྡུས་དོན།,ས་བཟང་མ་ཏི་པཎ་ཆེན་བློ་གྲོས་རྒྱལ་མཚན།,R10E93CBA,http://purl.bdrc.io/resource/WA0XL58E85ACD4623,yes,
བསྡུས་དོན།,སྤྱོད་འཇུག་གི་བསྡུས་དོན་ཉི་མའི་འོད་ཟེར།,བླ་མ་དམ་པ་བསོད་ནམས་རྒྱལ་མཚན།,R9FD308BD,http://purl.bdrc.io/resource/WA0XL9D94CF5BA8BA,yes,
བསྡུས་དོན།,བྱང་ཆུབ་སེམས་དཔའི་སྤྱོད་པ་ལ་འཇུག་པའི་བསྡུས་དོན་འཇམ་དབྱངས་བླ་མའི་ཞལ་ལུང་།,ལི་ཐང་སྡེ་གཞུང་སྤྲུལ་སྐུ།,R13E4ED71,http://purl.bdrc.io/resource/WA0XL47D2D894CF09,yes,
བསྡུས་དོན།,བྱང་ཆུབ་སེམས་དཔའི་སྤྱོད་པ་ལ་འཇུག་པའི་བསྡུས་དོན།,"པཎཌིཏ་མ་ཏི།",R31CBC7BA,http://purl.bdrc.io/resource/WA0NGMCP47229,yes,
འགྲེལ་བ། {ཡི་གེ},བྱང་ཆུབ་སེམས་དཔའི་སྤྱོད་པ་ལ་འཇུག་པའི་ཤེས་རབ་ལེའུ་དང་བསྔོ་བའི་དཀའ་འགྲེལ།,ཤྲཱི་བི་བྷཱུ་ཏི་ཙནྡྲ།,R34F40747,http://purl.bdrc.io/resource/WA0RT3222,yes,yes 
འགྲེལ་བ། {ཡི་གེ},སྤྱོད་འཇུག་ཤེས་རབ་ལེའུའི་མཆན་འགྲེལ་དོན་གསལ་མེ་ལོང་།,ཞེ་ཆེན་རྒྱལ་ཚབ ༠༤་འགྱུར་མེད་པདྨ་རྣམ་རྒྱལ།,R41DCA1C2,http://purl.bdrc.io/resource/WA0XLE3B6CBCF3107,yes,
རྒྱུ་ཆ་གཞན།,སྤྱོད་འཇུག་ཟིན་བྲིས་དང་ཚིག་འགྲེལ་འཇམ་དབྱངས་བླ་མའི་ཞལ་ལུང་བདུད་རྩིའི་ཐིག་པ།,མཁན་པོ་ཀུན་དཔལ།,R46DA1A6D,http://purl.bdrc.io/resource/WA1KG22345,yes,
འགྲེལ་བ། {ཡི་གེ},སྤྱོད་འཇུག་གི་དཀའ་གནས་གསལ་བྱེད།,རྡོ་གྲུབ་ཆེན ༠༣་འཇིགས་མེད་བསྟན་པའི་ཉི་མ།,R55EAFDDD,http://purl.bdrc.io/resource/WA0XLE045244F98EE,yes,
འགྲེལ་བ། {ཡི་གེ},བྱང་ཆུབ་སེམས་དཔའི་སྤྱོད་པ་ལ་འཇུག་པའི་འགྲེལ་པ།,ཀུན་དགའ་དབང་ཕྱུག,R61DA15BC,http://purl.bdrc.io/resource/WA0XL9CCE5DC370F3,yes,
འགྲེལ་བ། {ཡི་གེ},རྒྱལ་སྲས་སྤྱོད་པའི་གཞུང་ལས་ཤེས་རབ་བྱེ་བྲག་ཏུ་བཤད་པ།,སྡེ་དགེ་མཁན་པོ་བསམ་གཏན་བློ་གྲོས།,R0084C894,http://purl.bdrc.io/resource/WA0XL02DB4796470F,yes,
འགྲེལ་བ། {ཡི་གེ},བྱང་ཆུབ་སེམས་དཔའི་སྤྱོད་པ་འཇུག་པའི་གསལ་བྱེད་ལེགས་པར་བཤད་པའི་སྣང་བ།,གྲགས་པ་གཞོན་ནུ། ,R87FC893F,http://purl.bdrc.io/resource/WA0XL42F52DDABE6B,yes,
འགྲེལ་བ། {ཡི་གེ},བྱང་ཆུབ་སེམས་དཔའི་སྤྱོད་པ་ལ་འཇུག་པའི་རྟོགས་པར་དཀའ་བའི་གནས་གཏན་ལ་དབབ་པ་ཞེས་བྱ་བའི་གཞུང་།,པཎྜི་ཏ་ཀརསཎ་པ།,R89E35D93,http://purl.bdrc.io/resource/WA0RT3220,yes,
ས་བཅད།,སྤྱོད་འཇུག་སྨོན་ལམ་གྱི་ས་བཅད།,ངག་དབང་ཉི་མ།,R97D05A2D,http://purl.bdrc.io/resource/WA0XL809901A89AA0,yes,
འགྲེལ་བ། {ཡི་གེ},སྤྱོད་འཇུག་ཤེར་ལེའི་རྒྱ་ཆེར་འགྲེལ་མཆན་སྙིང་པོའི་དོན་གསལ་ཉིན་བྱེད་ཆེན་པོ།,བློ་གྲོས་རྒྱལ་མཚན།,R099D5570,http://purl.bdrc.io/resource/WA27521,yes,
འགྲེལ་བ། {ཡི་གེ},སྤྱོད་འཇུག་གི་ཚིག་འགྲེལ་གཅེས་བཏུས།,མཁན་ཆེན་ཁྲ་འགུ་རིན་པོ་ཆེ།,R0507CCC1,http://purl.bdrc.io/resource/WA3JT13379,yes,
རྒྱུ་ཆ་གཞན།,༥ སྤྱོད་འཇུག་བརྒྱུད་པའི་གསོལ་འདེབས།,རྫ་དཔལ་སྤྲུལ་ཨོ་རྒྱན་འཇིགས་མེད་ཆོས་ཀྱི་དབང་པོ།,R88847A10,http://purl.bdrc.io/resource/WA0XL3DAC2529F96A,yes,
རྒྱུ་ཆ་གཞན།,སྤྱོད་འཇུག་གི་བརྒྱུད་འདེབས།,ངོར་མཁན་ཆེན ༠༡་ཀུན་དགའ་བཟང་པོ།,R8446894F,http://purl.bdrc.io/resource/WA0XLB33A9C69E345,yes,
འགྲེལ་བ། {ཡི་གེ},བཀའ་གདམས་ལྷ་བཞིའི་རྣལ་འབྱོར་དང་འབྲེལ་བའི་སྤྱོད་འཇུག་ལེའུ་བཞིའི་མན་ངག་ཉམས་སུ་ལེན་ཚུལ་དངོས་གྲུབ་ཡོངས་འདུའི་སྙེ་མ།,མཁྱེན་རབ་བསྟན་པ་ཆོས་འཕེལ།,R39738895,http://purl.bdrc.io/resource/WA0XL278E02B88B70,yes,
ས་བཅད།,སྤྱོད་འཇུག་ས་བཅད་དོན་གསལ་མེ་ལོང་།,,RAF03ABF1,http://purl.bdrc.io/resource/WA0XLA87784D5DD6A,yes,
འགྲེལ་བ། {ཡི་གེ},ཟབ་མོ་ལྟ་བའི་ལུགས་ཀྱི་བྱང་ཆུབ་སེམས་དཔའི་སྡོམ་པ་ལེན་ཚུལ་སྤྱོད་འཇུག་དང་སྦྱར་བ།,འབྲུག་རྗེ་མཁན་པོ ༦༩་དགེ་འདུན་རིན་ཆེན།,RB34EB433,http://purl.bdrc.io/resource/WA0XLFBD57931D203,yes,
འགྲེལ་བ། {ཡི་གེ},སྤྱོད་འཇུག་ཤེས་རབ་ལེའུའི་ཊཱིཀྐ་བློ་གསལ་བ་ཞེས་པ།,ཙོང་ཁ་པ་བློ་བཟང་གྲགས་པ།,RBF0E36D6,http://purl.bdrc.io/resource/WA0XLFF0FB9D3BEB1,yes,
འགྲེལ་བ། {ཡི་གེ},བྱང་ཆུབ་སེམས་དཔའི་སྤྱོད་པ་ལ་འཇུག་པའི་རྟོགས་པར་དཀའ་བའི་གནས་གཏན་ལ་དབབ་པ་ཞེས་བྱ་བའི་གཞུང,སློབ་དཔོན་ཀྲིཥི་ན།,RE944C682,http://purl.bdrc.io/resource/WA0RT3220,yes,
འགྲེལ་བ། {ཡི་གེ},བྱང་ཆུབ་སེམས་དཔའི་སྤྱོད་པ་ལ་འཇུག་པའི་དོན་སུམ་ཅུ་རྩ་དྲུག་ཏུ་བསྡུས་པ།,,RE07335AF,http://purl.bdrc.io/resource/WA0RT3223,yes,D3878-final
འགྲེལ་བ། {ཡི་གེ},བྱང་ཆུབ་སེམས་དཔའི་སྤྱོད་པ་ལ་འཇུག་པའི་དོན་སུམ་ཅུ་རྩ་དྲུག་ཏུ་བསྡུས་པ།,,RE07335AF,http://purl.bdrc.io/resource/WA0RT3223,yes,D3878-final
འགྲེལ་བ། {ཡི་གེ},བྱང་ཆུབ་སེམས་དཔའི་སྤྱོད་པ་ལ་འཇུག་པའི་ལེགས་པར་སྦྱར་བ།,དགེ་བའི་ལྷ།,R9A454784,http://purl.bdrc.io/resource/WA0RT3219,yes,D3874-final
འགྲེལ་བ། {ཡི་གེ},བྱང་ཆུབ་སེམས་དཔའི་སྤྱོད་པ་ལ་འཇུག་པའི་དཀའ་འགྲེལ།,ཤེས་རབ་འབྱུང་གནས་བློ་གྲོས།,R9ACAFA99,http://purl.bdrc.io/resource/WA21708,yes,D3875-final
འགྲེལ་བ། {ཡི་གེ},བྱང་ཆུབ་ཀྱི་སྤྱོད་པ་ལ་འཇུག་པའི་དགོངས་པའི་འགྲེལ་པ་ཁྱད་པར་གསལ་བྱེད།,པཎྜི་ཏ་བི་བྷུ་ཏི་ཙནྡྲ།,R9B72A4A4,http://purl.bdrc.io/resource/WA0RT3225,yes,D3880-final
,བྱང་ཆུབ་སེམས་དཔའི་སྤྱོད་པ་ལ་འཇུག་པའི་དོན་བསྡུས་པ།,,,https://library.bdrc.io/show/bdr:WA0RT3224?s=q%3D%2522%25E0%25BD%2596%25E0%25BE%25B1%25E0%25BD%2584%25E0%25BC%258B%25E0%25BD%2586%25E0%25BD%25B4%25E0%25BD%2596%25E0%25BC%258B%25E0%25BD%25A6%25E0%25BD%25BA%25E0%25BD%2598%25E0%25BD%25A6%25E0%25BC%258B%25E0%25BD%2591%25E0%25BD%2594%25E0%25BD%25A0%25E0%25BD%25B2%25E0%25BC%258B%25E0%25BD%25A6%25E0%25BE%25A4%25E0%25BE%25B1%25E0%25BD%25BC%25E0%25BD%2591%25E0%25BC%258B%25E0%25BD%2594%25E0%25BC%258B%25E0%25BD%25A3%25E0%25BC%258B%25E0%25BD%25A0%25E0%25BD%2587%25E0%25BD%25B4%25E0%25BD%2582%25E0%25BC%258B%25E0%25BD%2594%25E0%25BD%25A0%25E0%25BD%25B2%25E0%25BC%258B%25E0%25BD%2591%25E0%25BD%25BC%25E0%25BD%2593%25E0%25BC%258B%25E0%25BD%2596%25E0%25BD%25A6%25E0%25BE%25A1%25E0%25BD%25B4%25E0%25BD%25A6%25E0%25BC%258B%25E0%25BD%2594%25E0%25BC%258D%2522~1%26lg%3Dbo%26t%3DWork%26n%3D1,,D3879
,བྱང་ཆུབ་སེམས་དཔའི་སྤྱོད་པ་ལ་འཇུག་པའི་འགྲེལ་བ་ལེགས་པར་བཤད་པའི་རྒྱ་མཚོ་ཞེ་བྱ་བ།,,,https://library.bdrc.io/show/bdr:WA0LULDC296292?s=q%3D%2522%25E0%25BC%258D%25E0%25BD%2596%25E0%25BE%25B1%25E0%25BD%2584%25E0%25BC%258B%25E0%25BD%2586%25E0%25BD%25B4%25E0%25BD%2596%25E0%25BC%258B%25E0%25BD%25A6%25E0%25BD%25BA%25E0%25BD%2598%25E0%25BD%25A6%25E0%25BC%258B%25E0%25BD%2591%25E0%25BD%2594%25E0%25BD%25A0%25E0%25BD%25B2%25E0%25BC%258B%25E0%25BD%25A6%25E0%25BE%25A4%25E0%25BE%25B1%25E0%25BD%25BC%25E0%25BD%2591%25E0%25BC%258B%25E0%25BD%2594%25E0%25BC%258B%25E0%25BD%25A3%25E0%25BC%258B%25E0%25BD%25A0%25E0%25BD%2587%25E0%25BD%25B4%25E0%25BD%2582%25E0%25BC%258B%25E0%25BD%2594%25E0%25BD%25A0%25E0%25BD%25B2%25E0%25BC%258B%25E0%25BD%25A0%25E0%25BD%2582%25E0%25BE%25B2%25E0%25BD%25BA%25E0%25BD%25A3%25E0%25BC%258B%25E0%25BD%2594%25E0%25BC%258B%25E0%25BD%25A3%25E0%25BD%25BA%25E0%25BD%2582%25E0%25BD%25A6%25E0%25BC%258B%25E0%25BD%2594%25E0%25BD%25A2%25E0%25BC%258B%25E0%25BD%2596%25E0%25BD%25A4%25E0%25BD%2591%25E0%25BC%258B%25E0%25BD%2594%25E0%25BD%25A0%25E0%25BD%25B2%25E0%25BC%258B%25E0%25BD%25A2%25E0%25BE%2592%25E0%25BE%25B1%25E0%25BC%258B%25E0%25BD%2598%25E0%25BD%259A%25E0%25BD%25BC%25E0%25BC%258B%25E0%25BD%259E%25E0%25BD%25BA%25E0%25BD%25A6%25E0%25BC%258B%25E0%25BD%2596%25E0%25BE%25B1%25E0%25BC%258B%25E0%25BD%2596%25E0%25BC%258D%2522~1%26lg%3Dbo%26t%3DWork%26s%3Dclosest%2520matches%2520forced%26n%3D1,,Thokme Zangpo
,སྤྱོད་འཇུག་ཆེན་མོ།,རྒྱལ་སྲས་ཆེན་པོ་ཞི་བ་ལྷ།,RDB0E4807,,yes,