index	syllables	pieces	method	preview
9	78	1	STAGE2_MANUAL	ཐེག་པ་ཆེན་པོའི་བསྟན་བཅོས་ནམ་མཁའི་ཚད་ཀྱིས་གཞལ་དུ་མེད་པའི་ནང་ན
18	60	1	STAGE2_MANUAL	ཞེས་རྒྱལ་པོའི་སྲས་ཞི་བའི་གོ་ཆ་ཞེས་བྱ་བ་ཡིན་ལ། ཆུང་ངུ་ནས་རྣལ་
22	181	1	STAGE2_MANUAL	ཅེས་བྷུ་སུ་ཀུའམ་འདུ་ཤེས་གསུམ་པར་བསྒྲགས་ཏེ་གནས་ནས་དབྱུང་བའི་ཕ
23	58	1	STAGE2_MANUAL	ཞེས་ཀྱང་ཟེར་ཞིང༌། བསླབ་བཏུས་མདོ་བཏུས་ཀྱང་མ་ཤེས་པས་སྤྱན་འདྲེན
24	92	1	STAGE2_MANUAL	དེ་ནས་མུ་སྟེགས་ཀྱི་རྩོད་པ་ཟློག་པ་དང༌། ཡ་མཚན་ཅན་ཞེས་པ་ངོ་ཚ་བའ
26	293	1	STAGE2_MANUAL	ཡང་རྒྱལ་པོ་ཆེན་པོ་ཞིག་གི་སྐུ་སྲུང་བ་མཛད་དེ། ཤིང་གི་རལ་གྲི་འོ
40	69	1	STAGE2_MANUAL	ཡུལ་ནི། མཛེས་པའམ་ལེགས་པ་དང༌། ཡོངས་སུ་རྫོགས་པ་དང༌། མཐར་ཐུག་པའ
48	138	1	STAGE2_MANUAL	ཆོས་ཀྱི་སྐུ་ཞེས་པའི་ཚིག་གི་ནུས་པ་གཅིག་གིས་ཆོས་དཀོན་མཆོག་ཡང་བ
56	76	1	STAGE2_MANUAL	ཞེས་པ་སྟེ། བདེ་གཤེགས་སྲས་ཀྱི་སྡོམ་ལ་འཇུག་པ་ཅེས་པས་བརྗོད་བྱ་ད
61	213	1	STAGE2_MANUAL	ཞེས་གསུངས་ཏེ། ཅི་ཁྱེད་ཅག་སྔོན་མ་གྲགས་པ་ཐོན་ཞིག་ཅེས་ཟེར་ན། སྔ
62	336	1	STAGE2_MANUAL	ཞེས་ཁེངས་པ་སྐྱུང་པའི་ཚུལ་གྱིས་དེ་དག་ལ་སྙིང་པོ་མེད་པར་བསྟན་ནས
63	57	1	STAGE2_MANUAL	དེ་ལྟར་ཁེངས་པ་བསྐྱུངས་པས་རྩོམ་པ་པོས་ཐམས་ཅད་མཁྱེན་པར་ཁས་མ་བླང
67	43	1	STAGE2_MANUAL	རྗོད་བྱེད་འདི་ཁོང་དུ་ཆུད་པ་ན་བྱང་སྡོམ་དེའི་མ་ཐོབ་པ་འཐོབ་བྱེད
68	136	1	STAGE2_MANUAL	དེ་ལས་ཆོས་ཀྱི་སྐུ་མངའ་བའི་བདེ་བར་གཤེགས་པ་འཐོབ་པ་ནི་དགོས་པའི་
78	12	2	citation-split	བསྟན་པ་གནས་དང་དེའི་རྗེས་འཇུག།
གཞན་ཕྱིར་སྙིང་ནས་བརྩེ་བའོ།།
81	45	1	STAGE2_MANUAL	ཇི་ལྟར་ན་མདོ་ལས་ས་ཆེན་པོ་དང་སེན་མོའི་སྟེང་གི་སའི་དཔེ་མཛད་པ་ད
85	186	1	STAGE2_MANUAL	དེ་ལྟས་དགེ་བ་ཉམ་ཆུང་འདི་ལ་བརྟག། ཅེས་གསུངས་ཏེ། དེ་ལས་རང་འབྱོར
86	73	1	STAGE2_MANUAL	དེ་ལྟར་ན་དེ་བཞིན་གཤེགས་པའི་བྱིན་གྱིས་བརླབས་ཀྱིས་ཅི་ཞིག་ལྟར་ན
87	87	1	STAGE2_MANUAL	ཞེས་བྱུང་ངོ༌།། དེ་ལྟ་བས་ན་དགེ་བའི་བློ་སྐྱེ་བར་དཀའ་ཞིང་འཇིག་པ
88	52	1	STAGE2_MANUAL	ཇི་ལྟར་མི་བཏང་ཞེ་ན། ལུས་དང་སེམས་ཀྱི་གནས་སྐབས་ལ་བརྟག་པ་དང༌། ས
96	53	1	STAGE2_MANUAL	འདི་ལ་སྡིག་པ་དྲུངས་འབྱིན་པ་ནི་དོན་དམ་བྱང་སེམས་ཀྱི་ཕན་ཡོན་ཡིན
105	45	1	STAGE2_MANUAL	འོ་ན་བྱམས་པའི་སྟོབས་ཀྱི་སྐྱེས་རབས་སོགས་ཇི་ལྟ་ཞེ་ན། ཕ་རོལ་གྱི
108	65	1	STAGE2_MANUAL	ཞེས་གསུངས་ཏེ། འཁོར་བའི་བདེ་བ་འདོད་པས་ཀྱང་སེམས་བསྐྱེད་པར་བྱ་ས
113	41	1	STAGE2_MANUAL	ཞེས་གསུངས་ཏེ། སྨོན་པའི་བྱང་ཆུབ་ཀྱི་སེམས་སྐྱེས་མ་ཐག་དེ་ཉིད་དུ
114	103	1	STAGE2_MANUAL	ཞེས་བཀུར་སྟིའི་གནས་སུ་འགྱུར་བའི་ཕྱིར་ཏེ། འདུལ་བའི་ལུང་ལས། རྒ
116	63	1	STAGE2_MANUAL	གསུམ་པ་དཔེ་དྲུག་གིས་བསྔགས་པ་ལ་དྲུག དམན་པ་མཆོག་ཏུ་བསྒྱུར་བ་གས
120	65	1	STAGE2_MANUAL	འདིར་སྡོང་པོ་བཀོད་པ་ན། གསེར་དུ་སྣང་བའི་དངུལ་ཆུ་ཞེས་ཡོད་ཀྱང༌།
123	79	1	STAGE2_MANUAL	ཞེས་གསུངས་ཏེ། དཀའ་འགྲེལ་ཆེན་མོར། འགྲོ་བ་ཚོང་བརྡལ་པ་རྣམས་ལ་ཀྱ
133	130	1	STAGE2_MANUAL	འོ་ན་ལས་ཆུད་མི་འཛའ་བར་གསུངས་པ་དང་འགལ་ལོ་ཞེ་ན། མི་འགལ་ཏེ། བསོ
134	91	1	STAGE2_MANUAL	དྲུག་པ་ཕན་ཡོན་རྒྱས་པར་མདོ་ལས་བསྟན་ཚུལ་ནི། དེ་ཡི་ཕན་ཡོན་དཔག་ཏ
137	41	1	STAGE2_MANUAL	བཞི་པ་འཇུག་པའི་ཕན་ཡོན་ཁྱད་པར་དུ་བཤད་པ་ལ་ལྔ། དབྱེ་བ། མཚན་ཉིད།
143	66	1	STAGE2_MANUAL	ཞེས་གསུངས་ཏེ། དེ་ཇི་ལྟ་བུ་ཞེ་ན། ཡུལ་གཞན་དུ་འགྲོ་བར་འདོད་ལ། འ
151	72	1	STAGE2_MANUAL	ཞེས་གསུངས་ཏེ། འདི་ལ་དཀའ་འགྲེལ་ཆུང་ངུར། སོ་སྐྱེ་ལ་འཇུག་སེམས་མ
152	125	1	STAGE2_MANUAL	དེས་ན་སོ་སོ་སྐྱེ་བོའི་སྐབས་ཁོ་ན་ལ་སྨོན་འཇུག་གཙོ་བོར་བཞག་པ་ཡི
155	49	1	STAGE2_MANUAL	ཞེས་གསུངས་ཏེ། དཀོན་མཆོག་བརྩེགས་པའི་འདུས་པ་ཉེར་དྲུག་པ་ལག་བཟང་
161	46	1	STAGE2_MANUAL	ཞེས་སྡུག་བསྔལ་ཉི་ཚེ་བ་ཞིག་སེལ་བར་བསམས་པ་ལ་བསོད་ནམས་དཔག་ཏུ་མེ
170	50	1	STAGE2_MANUAL	བཞི་པ་འཇུག་པ་ཕན་ཡོན་ཆེ་བའི་འཐད་པ་ལྔ་བཤད་པ་ལ་ལྔ། སྦྱོར་བས་ཟིན
181	109	1	STAGE2_MANUAL	ཅེས་གསུངས་ཏེ། ཕན་པ་དང་མི་ཕན་པ་འཐོབ་སྤོང་ལ་སེམས་ཅན་རང་རང་མཁས་
187	76	1	STAGE2_MANUAL	ཞེས་གསུངས་ཏེ། མི་རྣམས་ཞིང་དམན་པ་འགྲོ་བ་ཉུང་ཟད་ལ་དང༌། དུས་དམན
190	43	1	STAGE2_MANUAL	ཞེས་གསུངས་ཏེ། དེ་དག་ལྔ་ལས་ཟློག་པའི་དགེ་བ་བྱེད་པ་དེ་ནི་བསམ་གྱ
195	91	1	STAGE2_MANUAL	ཞེས་གསུངས་ཏེ། དད་པའི་སྟོབས་སྐྱེད་པ་ལ་འཇུག་པ་ཕྱག་རྒྱའི་མདོ་ལས
200	49	1	STAGE2_MANUAL	ཞེས་དང༌། རབ་ཞི་རྣམ་ངེས་ཀྱི་མདོར། འཇམ་དཔལ་བྱང་ཆུབ་སེམས་དཔས་བྱ
201	76	1	STAGE2_MANUAL	གལ་ཏེ་དེ་བཞིན་གཤེགས་པ་ལ་ངན་སེམས་ཀྱི་ཁྲག་ཕྱུང་བས་ཀྱང་དེ་ལྟར་ས
204	42	1	STAGE2_MANUAL	བྱང་ཆུབ་སེམས་དཔའ་ལ་གནོད་པ་བྱས་པས་ནི་སངས་རྒྱས་ཉིད་རྩ་བ་དང་བཅས
205	124	1	STAGE2_MANUAL	འོན་ཀྱང་བྱང་ཆུབ་སེམས་དཔའ་ལ་དད་ན་བསོད་ནམས་དེ་བས་ཀྱང་ཆེས་ལྷག་པ
206	102	1	STAGE2_MANUAL	དོ་གལ་ཆེན་པོས་ཞེས་སོགས་ལ། འཆད་ལུགས་གཉིས་ཏེ། འགྲེལ་ཆེན་དང༌། བ
207	58	1	STAGE2_MANUAL	ཞེས་འབྲུ་བསྣན་ཞིང༌། ཕྱི་མ་དགེ་བའི་ལྷས་ནི། རྒྱལ་སྲས་རྣམས་ལ་ནི
208	135	1	STAGE2_MANUAL	མདོར་ན་བྱང་ཆུབ་ཀྱི་སེམས་ཁོ་ན་ཕན་ཡོན་མཐའ་ཡས་པར་གཟིགས་པས་བྱང་ཆ
213	47	1	STAGE2_MANUAL	ལེགས་བཤད་བསྡུས་པར། རས་སྣུམ་དང་དྲི་མས་དག་པ་ལ་ཚོན་འཛིན་པ་ལྟར་བ
264	68	1	STAGE2_MANUAL	ཞེས་གསུངས་ཏེ། ཚིགས་བཅད་གཅིག་གིས་གོས་དང་རྒྱན་ལྷན་ཅིག་ཏུ་སྨོས་
267	124	1	STAGE2_MANUAL	ཞེས་གསུངས་ཏེ། སྟོང་གསུམ་ཀུན་ཏུ་དྲི་ངད་ལྡང་བའི་སྤོས་ནི། འོག་མ
280	122	1	STAGE2_MANUAL	ཞེས་གསུངས་ཏེ། གསེར་གྱི་པད་མ་ནི་གསེར་གྱི་ཀོང་བུ་པད་མའི་དབྱིབས
285	59	1	STAGE2_MANUAL	གཞལ་ཡས་ཁང་ནི་རིན་པོ་ཆེ་ཐམས་ཅད་པ་ལས་བྱས་པ་དཔག་ཚད་བརྒྱ་སྟོང་གི
290	27	2	citation-split	བཅུ་པ་གླུ་དང་རོལ་མོས་མཆོད་པ་ནི།
དེ་ལས་གཞན་ཡང་མཆོད་པའི་ཚོགས།།
295	139	1	STAGE2_MANUAL	རྒྱུན་མི་འཆད་པར་འབབ་པར་ཤོག། ཅེས་གསུངས་ཏེ། དམ་ཆོས་དཀོན་མཆོག་ཐ
298	63	1	STAGE2_MANUAL	ཅེས་གསུངས་ཏེ། མདོར་ན་བདག་ཅག་གིས་ནི་ཇི་ལྟར་མཆོད་པར་བྱ་བ་དང་ཇི
299	44	1	STAGE2_MANUAL	ཞེས་བསམ་པ་སྟེ་འདི་དབང་བཅུ་རྫོགས་པ་རྣམས་ཀྱི་བློ་ཤིན་ཏུ་རྣམ་པར
316	67	1	STAGE2_MANUAL	བདག་ནི་བྱེད་པ་པོ་སྟེ་ལུས་གངྒཱའི་ཀླུང་གི་བྱེ་མ་སྙེད་ལ་སོགས་པར
317	55	1	STAGE2_MANUAL	སྔོན་སངས་རྒྱས་སྐར་རྒྱལ་རིའི་ཕུག་ན་ཟད་པར་མེའི་ཏིང་ངེ་འཛིན་ལ་བ
322	45	1	STAGE2_MANUAL	ཞེས་གསུངས་ཏེ། ཞིང་རྡུལ་ཀུན་གྱི་གྲངས་སྙེད་ཀྱི་ལུས་ནི་བདག་གི་ལ
328	47	1	STAGE2_MANUAL	འདི་ཇི་ལྟར་ནུས་ཤེ་ན། བསམ་པའི་དབང་གིས་ཏེ་སེམས་ཀུན་ནས་དད་པས་འད
329	62	1	STAGE2_MANUAL	ཅི་འདས་པའི་སངས་རྒྱས་རྣམས་ད་ལྟར་མེད་པ་མ་ཡིན་ནམ་ཞེ་ན། མ་ཡིན་ཏེ
330	65	1	STAGE2_MANUAL	བྱང་ཆུབ་སེམས་ཀྱི་གཞི་ནི་སྔོན་བྱང་ཆུབ་སེམས་དཔའ་རྣམས་ཀྱིས་གང་ད
331	42	1	STAGE2_MANUAL	ཞེས་གསུངས་པའི་ཕྱིར། མཆོད་རྟེན་ནི། བིམྤ་དང༌། ཁང་བུ་དང༌། རྒྱལ་
333	25	2	citation-split	གཉིས་པ་སྐྱབས་སུ་འགྲོ་བ་ནི།
བྱང་ཆུབ་སྙིང་པོར་མཆིས་ཀྱི་བར།།
སང
334	42	1	STAGE2_MANUAL	ཚོགས་ལའང་དེ་བཞིན་སྐྱབས་སུ་མཆི།། ཞེས་གསུངས་ཏེ། བྱང་ཆུབ་སྙིང་པ
348	43	1	STAGE2_MANUAL	དེ་ལ་དཀོན་མཆོག་གསུམ་ནི་བླ་ན་མ་མཆིས་པའི་ཞིང་དང༌། ཕ་ལ་སོགས་པ་ན
349	43	1	STAGE2_MANUAL	ཁྱད་པར་དགེ་འདུན་གྱི་རྫས་གང་ཟག་གིས་མ་བྱིན་པར་ལེན་པ་ནི། ཆེས་ལྕ
363	52	1	STAGE2_MANUAL	བཞི་པ་རྣམ་སྨིན་ལ་འཇིགས་པས་སུན་དབྱུང་བ་ལ་བདུན། མྱུར་དུ་འཆི་ངེ
394	235	1	STAGE2_MANUAL	ཞེས་གསུངས་ཏེ། དེ་ལྟ་བུ་འབྱུང་བར་ངེས་པ་སྐྱེས་པས་འཇིགས་ཤིང་སྐྲ
395	65	1	STAGE2_MANUAL	བདག་ཉིད་འབུལ་ཞེས་དང་བདག་ཉིད་ཀྱིས་ཞེས་པ་ནི་གཞན་གྱིས་བྱེད་དུ་བ
396	48	1	STAGE2_MANUAL	གོང་དུ་བྱང་ཆུབ་སྙིང་པོར་སོགས་ཀྱིས་སྐྱབས་སུ་སོང་བ་ནི་ལམ་ཐམས་ཅ
397	53	1	STAGE2_MANUAL	གསུམ་པ་གཉེན་པོ་ལ་འབད་པ་ལ་ལྔ། ཅིའི་ཕྱིར་བཀའ་ལས་མི་འདའ་ཞེས་པའི
424	13	2	citation-split	འདྲེན་པ་རྣམས་ཀྱིས་བདག་གི་སྡིག།
ནོངས་པ་ལགས་པར་བཟུང་དུ་གསོལ།།
430	69	1	STAGE2_MANUAL	བཞི་པ་རྗེས་སུ་ཡི་རང་བ་ལ་དྲུག། རྒྱུ་བསོད་ནམས་ཆ་མཐུན་ལ་ཡི་རང་བ
450	86	1	STAGE2_MANUAL	ཞེས་གསུངས་ཏེ། ཕྱོགས་བཅུའི་སངས་རྒྱས་གང་ད་ལྟར་མངོན་པར་རྫོགས་པར
452	119	1	STAGE2_MANUAL	ཞེས་བསྟན་པ་ལྟར། སངས་རྒྱས་ཁ་ཅིག་དེ་བས་ཡུན་ཐུང་བ་དང༌། ཁ་ཅིག་ལོ
455	153	1	STAGE2_MANUAL	ཞེས་གསུངས་ཏེ། ཆོས་ཀྱི་སྐུ་མྱ་ངན་ལས་འདའ་བ་མེད་ཀྱང་མཆོག་གི་སྤྲ
456	96	1	STAGE2_MANUAL	ཞེས་ལན་གསུམ་གསུངས་ཀྱང༌། ཀུན་དགའ་བོ་བདུད་ཀྱིས་ཐེབས་པས་ཅི་ཡང་མ
477	46	1	STAGE2_MANUAL	དེས་ན་སྤྱིར་སེམས་ཅན་གྱི་ནད་སོགས་སྡུག་བསྔལ་ཐམས་ཅད་དང་ཁྱད་པར་ན
485	65	1	STAGE2_MANUAL	སེམས་ཅན་རྣམས་ལ་བཏང་བ་མཆོག། ཞེས་པས་དེའི་འཐད་པ་སྟོན་ཏེ་དེ་རྣམས
488	61	1	STAGE2_MANUAL	ཞེས་པའི་ཚིགས་བཅད་གཉིས་ཀྱིས་བྱིན་པ་གོ་བར་བྱས་ཏེ། ད་ནི་ལུས་ལོང
489	51	1	STAGE2_MANUAL	རང་དོན་དུ་ཅུང་ཟད་མི་སྲུང་ངམ་ཞེ་ན། ཐམས་ཅད་གཏོང་བར་སོགས་ཏེ། བྱ
494	45	1	STAGE2_MANUAL	དེ་ཉིད་རྟག་ཏུ་དེ་དག་གི། དོན་ཆེན་འགྲུབ་པའི་རྒྱུར་གྱུར་ཅིག། 17
499	44	1	STAGE2_MANUAL	ཀུན་གྱི་བྲན་དུ་འགྱུར་བར་ཤོག། ཅེས་གསུངས་པའི་ཚིགས་བཅད་གཉིས་ཀྱི
503	46	1	STAGE2_MANUAL	རྣམ་མང་ཉེར་འཚོའི་གཞིར་ཡང་ཤོག། ཅེས་གསུངས་པའི་ཚིགས་བཅད་གཉིས་ཀྱ
504	44	1	STAGE2_MANUAL	བུམ་པ་བཟང་པོ་ནི་སྔགས་ཀྱིས་བསྒྲུབས་ནས་གྲུབ་པ་ན་དེ་ནས་གང་འདོད་
537	111	1	STAGE2_MANUAL	ཞེས་གསུངས་ཏེ། དེ་ཡང་ནོར་བུ་རིན་པོ་ཆེ་ནི་གཅེས་སྤྲས་མང་པོས་མཛོ
549	19	2	citation-split	བཞི་པ་དུབ་པ་སེལ་བ་ནི།
སྲིད་ལམ་འཁྱམས་ཤིང་དུབ་པ་ཡི།།
འགྲོ་བ་ངལ
559	48	1	STAGE2_MANUAL	གཉིས་པ་ཤེས་སྒྲིབ་སེལ་བའི་ཕན་ཡོན་བསྟན་པ་ནི། འགྲོ་བའི་མི་ཤེས་ར
568	41	4	newline-expand	བྱང་ཆུབ་སེམས་མེད་རྒྱལ་འབྱུང་འཇིག་རྟེན་ཡོད་མེད་ན།།
འབྲས་བུ་བར
570	41	4	newline-expand	ཆུ་ཀླུང་མེད་ན་མེ་ཏོག་འབྲས་བུ་འབྱུང་མི་འགྱུར།།
རྒྱ་མཚོ་ལ་ཡང་ར
577	48	1	STAGE2_MANUAL	སྐྱོབ་པ་ཐམས་ཅད་ཀྱི་སྤྱན་སྔར་ཞེས་དཔང་པོ་ངེས་བཟུང་དུ་བྱས་པ་སྟེ
578	42	1	STAGE2_MANUAL	བདེ་གཤེགས་ཉིད་དང་ནི་བར་དུ་བདེ་བ་ལ་མགྲོན་དུ་བོས་པ་ནི་སྦྱིན་བྱ
580	44	1	STAGE2_MANUAL	དེ་ལྟར་ན་ཆར་པ་བབས་པ་ན་སཱ་ལུ་སྐྱེས་སོ་ཅེས་ཟེར་བ་ལྟར་རྒྱུ་འབྲས
582	49	1	STAGE2_MANUAL	ལེའུའི་འབྲེལ་ནི། དེ་ལྟར་བསམ་པ་ཕུན་སུམ་ཚོགས་པ་བྱང་ཆུབ་ཏུ་སེམས
600	53	1	STAGE2_MANUAL	ཞེས་གསུངས་ཏེ། དེ་ཡང་དྲན་ཉེ་ལས། བསམས་ནས་མ་བྱིན་ན་ཡི་དྭགས་དང༌།
609	72	1	STAGE2_MANUAL	འགྲེལ་ཆེན་དུ། འོ་ན་ཤཱ་རིའི་བུས་སེམས་བསྐྱེད་ནས་སངས་རྒྱས་སྟོང་
612	122	1	STAGE2_MANUAL	དེ་ཡང་པད་དཀར་ལས། ཤཱ་རིའི་བུ་སྔོན་སེམས་བསྐྱེད་དེ་སངས་རྒྱས་སྟོ
613	41	4	newline-expand	གང་ཚེ་ང་ནི་ཕ་རོལ་ཕྱིན་པའི་མཆོག་འདི་དང༌།།
མཐུན་པར་སྨྲ་གྱུར་དེ
615	54	1	STAGE2_MANUAL	དེས་ན་བསྟན་བཅོས་མཛད་པ་པོ་ཉིད་ཀྱིས་སངས་རྒྱས་ཀྱི་ཐུན་མོང་མ་ཡིན
620	41	4	newline-expand	གལ་ཏེ་བསྐལ་བ་བྱེ་བར་དགེ་བའི་ལས་ལམ་བཅུ།།
སྤྱོད་ཀྱང་དགྲ་བཅོམ་ར
625	62	1	STAGE2_MANUAL	ཅེས་གསུངས་ཏེ། འགྲེལ་ཆེན་དུ། གང་གཞན་སྐད་ཅིག་འདི་ཡི་ནི།། ཞེས་འ
626	91	1	STAGE2_MANUAL	ཅིའི་ཕྱིར་ཞེ་ན། རབ་ཞི་རྣམ་ངེས་ཀྱི་ཆོ་འཕྲུལ་གྱི་མདོར། གཅིག་གི
633	45	1	STAGE2_MANUAL	ཞེས་གསུངས་ཏེ། གལ་ཏེ་སླར་བླངས་པས་སྐྱེའོ་སྙམ་ན་བརྩོན་འགྲུས་ཀྱི
650	51	1	STAGE2_MANUAL	སངས་རྒྱས་མང་དུ་འབྱུང་བས་དེ་དག་གིས་བདག་འདུལ་བར་འགྱུར་རོ་ཞེ་ན།
653	50	1	STAGE2_MANUAL	ཞེས་གསུངས་ཏེ། དེ་བཞིན་གཤེགས་པ་འབྱུང་བ་སོགས་གཞན་འབྱོར་ལྔ་དང༌།
656	48	1	STAGE2_MANUAL	ཞེས་གསུངས་ཏེ། ཐོབ་ཟིན་པ་འདིས་ཆོག་མོད་སྙམ་ན། ད་ལྟ་ནད་སོགས་ཀྱི
662	49	1	STAGE2_MANUAL	ཅེས་གསུངས་ཏེ། དེ་ནི་མི་ཁོམ་པའི་གནས་ཡིན་པའི་ཕྱིར། དགེ་བའི་བློ
664	94	1	STAGE2_MANUAL	ཞེས་གསུངས་ཏེ། ངན་འགྲོར་སྐྱེས་པའི་ཚེ་དགེ་བ་ནི་མིང་ཡང་མེད་ལ། ས
666	74	1	STAGE2_MANUAL	ཞེས་གསུངས་ཏེ། དེའི་ཕྱིར་དལ་འབྱོར་རྙེད་དཀའ་བའི་ཚུལ། དགའ་བོ་ལ་
668	56	1	STAGE2_MANUAL	ཇི་ལྟར་འགའ་ཞིག་ཏུ་འདི་འདྲ་བའི་ཚོགས་པ་ཡོད་པར་གྱུར་པ་སྟེ། གཉའ་
672	64	1	STAGE2_MANUAL	ཞེས་གསུངས་ཏེ། དེ་ཡང་བདག་གིས་སྡིག་པ་ཆེར་མ་བྱས་སོ་ཞེ་ན། ཕ་མ་གས
673	88	1	STAGE2_MANUAL	ཕ་མ་གསོད་པ་ལྟ་བུའང་རིང་དུ་འགོར་བ་མ་ཡིན་ཏེ། ལས་ཀྱི་དངོས་གཞི་འ
676	84	1	STAGE2_MANUAL	ཞེས་གསུངས་ཏེ། ཡང་རྣམ་སྨིན་གྱི་འབྲས་བུ་དེ་ཙམ་ཞིག་མྱོང་བ་ཁོ་ནས
677	55	1	STAGE2_MANUAL	གསུམ་པ་གཉེན་པོའི་དགེ་བ་ལ་འབད་དགོས་པར་བསྟན་པ་ལ་བཞི། མི་ལུས་ཐོ
686	163	1	STAGE2_MANUAL	ཞེས་གསུངས་ཏེ། དེ་དག་གི་དོན་ནི། དེ་བས་ན་ད་ལྟ་དལ་བ་རྙེད་དུས་འད
690	54	1	STAGE2_MANUAL	ཅེས་གསུངས་ཏེ། དེས་ན་དལ་བ་ཡང་སྟེས་དབང་གིས་རྙེད། ཆོས་སྒྲུབ་པའི
698	89	1	STAGE2_MANUAL	ཞེས་གསུངས་ཏེ། ཅི་རྨོངས་པ་འདི་ལྟ་བུ་སྐྱེ་བའི་རྒྱུ་བདག་གི་ཁོང་
699	88	1	STAGE2_MANUAL	དེ་ལྟར་བརྟགས་པ་ན་དེ་ལྟ་བུ་ཅི་ཡང་མ་མཐོང་སྟེ། ཉོན་མོངས་པའི་སེམ
700	91	1	STAGE2_MANUAL	ཡང་བརྟགས་པ་ན་འདི་ལ་ནི་བདག་གི་སེམས་ལས་གཞན་པའི་རྟེན་ནི་འགའ་ཡང་
717	46	1	STAGE2_MANUAL	ཅེས་གསུངས་ཏེ། དགྲ་དེ་ལྟ་བུ་བདག་གི་སྙིང་ངམ་སེམས་ལ་རྟག་པར་བཞག་
719	41	4	newline-expand	དེ་ལྟར་ཇི་སྲིད་བདག་གིས་དགྲ་འདི་མངོན་སུམ་དུ།།
ངེས་པར་མ་བཅོམ་ད
742	52	1	STAGE2_MANUAL	ཞེས་གསུངས་ཏེ། སྤང་བྱའི་ཉོན་མོངས་ལ་འཁོན་དུ་བཟུང་ནས་འཇོམས་པའི་
748	207	1	STAGE2_MANUAL	གཉིས་པ་རང་བཞིན་མེད་པར་བསྟན་པ་ནི། ཉོན་མོངས་རྣམས་ནི་ཡུལ་ན་མི་ག
753	56	1	STAGE2_MANUAL	ཅེས་གསུངས་ཏེ། སྔར་བཤད་པ་དེ་རྣམས་མ་བརྗེད་པར་ཚུལ་བཞིན་བསམས་ནས་
757	108	1	STAGE2_MANUAL	དང་པོ་ནི། དཀའ་འགྲེལ་ཆུང་ངུར། དེ་ཡང་སྦྱིན་པའི་ཕ་རོལ་ཏུ་ཕྱིན་པ
758	53	1	STAGE2_MANUAL	གཉིས་པ་དེས་ན་དྲན་པ་ཤེས་བཞིན་གྱི་སྒོ་ནས་སེམས་སྲུང་བའི་ཚུལ་ཁྲི
769	41	1	STAGE2_MANUAL	ཞེས་གསུངས་ཏེ། འགྲེལ་ཆེན་ལས། དྲན་པ་དེ་ཉིད་ནི་ཐག་པ་དང་འདྲ་བ་སྟ
773	50	1	STAGE2_MANUAL	ཞེས་གསུངས་ཏེ། སྟག་སོགས་ཀྱི་གནོད་པ་ཡང་ལས་ཀྱིས་བསྐྱེད་ལ། ལས་ཀྱ
785	53	1	STAGE2_MANUAL	ཞེས་གསུངས་ཏེ། དེ་ཡང་འགྲེལ་ཆེན་ལས། དངོས་པོའི་དེ་ཁོ་ན་ཉིད་གསུང
801	42	1	STAGE2_MANUAL	ཞེས་དང༌། རྡོ་རྗེ་སྙིང་པོའི་མདོར། འཇམ་དཔལ། སེམས་ཅན་དམྱལ་བ་པ་ར
803	97	1	STAGE2_MANUAL	ལྕགས་བསྲེགས་ས་གཞི་སུ་ཡིས་བྱས།། ཞེས་སོགས་ནི་རིགས་པས་ཀྱང་སྒྲུབ
804	47	1	STAGE2_MANUAL	དེས་ན་ཕྱི་རོལ་པ་རྣམས་ཚངས་པའི་ལུང་གིས་གྲུབ་པར་སྨྲ་བ་ལྟ་བུ་མ་ཡ
814	59	1	STAGE2_MANUAL	ཞེས་གསུངས་ཏེ། སེར་སྣ་དང་བྲལ་བས་བདོག་པ་ཐམས་ཅད་ཆགས་མེད་དུ་ཐམས་
820	95	1	STAGE2_MANUAL	དེས་ན་ཕ་རོལ་ལ་ཕན་པར་གྱུར་ཀྱང་རུང་མ་གྱུར་ཡང་རུང་རང་ཉིད་ཀྱིས་ཕ
821	74	1	STAGE2_MANUAL	ཉན་ཐོས་ཀྱི་སྡོམ་པ་ལའང་སྲོག་གཅོད་སྤོང་བ་ལྟ་བུ་ཡུལ་སེམས་ཅན་ཐམས
822	53	1	STAGE2_MANUAL	གལ་ཏེ་ཚུལ་ཁྲིམས་སེམས་མ་ཡིན་ཏེ། སྡོམ་སྡོམ་མིན་བར་མ་ནི་བེམ་པོའ
826	69	1	STAGE2_MANUAL	ཞེས་གསུངས་ཏེ། དེ་ཡང་གཞན་རྒྱུད་ཀྱི་ཁྲོ་བ་ཞི་བ་བཟོད་པའི་ཕར་ཕྱི
829	45	1	STAGE2_MANUAL	ཞེས་གསུངས་ཏེ། དཔེར་ན་ཚེར་མ་ལས་སྐྱོབ་པའི་ཕྱིར། ས་སྟེང་ཀོ་བས་ག
832	44	1	STAGE2_MANUAL	ཞེས་གསུངས་ཏེ། དེ་བཞིན་དུ་གཞན་རྒྱུད་ཀྱི་ཁྲོ་བ་མཐའ་དག་བདག་གིས་
833	205	1	STAGE2_MANUAL	མདོར་ན་བྱང་ཆུབ་སེམས་དཔའ་ལ་ལུས་དང་ལོངས་སྤྱོད་ལ་བསྣུན་པ་དང་ཕྲོ
834	72	1	STAGE2_MANUAL	དེས་ན་བྱང་ཆུབ་སེམས་དཔའ་ལ་གནོད་པ་ནི་ཁྲོ་བ་དང་འཁྲུག་པ་ཉིད་ཡིན་
837	72	1	STAGE2_MANUAL	ཞེས་གསུངས་ཏེ། མྱང་འདས་ཀྱི་མདོར། མ་སྨད་གཉིས་ཆུས་ཁྱེར་བ་ན་གཅིག
841	64	1	STAGE2_MANUAL	ཞེས་གསུངས་ཏེ། དགེ་བ་ལ་སེམས་རྩེ་གཅིག་པ་ལ་བསམ་གཏན་དུ་གསུངས་ཀྱི
845	46	1	STAGE2_MANUAL	རྟག་ཏུ་འགྲོགས་ཀྱང་རྟོགས་པར་དཀའ་ཞིང་ཐོས་བསམ་སྒོམ་པའི་ཤེས་པས་མ
849	55	1	STAGE2_MANUAL	གསུམ་པ་དེས་ན་སེམས་སྲུང་བ་ལ་འབད་པར་སྟོན་པ་ལ་ལྔ། སེམས་སྲུང་བ་མ
853	58	1	STAGE2_MANUAL	ཞེས་དང༌། འགྲེལ་ཆེན་དུ། ཆོས་ཡང་དག་པར་སྡུད་པའི་མདོ་དྲངས་པ། བྱང
855	72	1	STAGE2_MANUAL	དེ་ཅིའི་ཕྱིར་ཞེ་ན། སེམས་གང་ན་མཆིས་པ་དེ་ན་ཡོན་ཏན་དང་ཉེས་པ་རྣམ
858	134	1	STAGE2_MANUAL	ཞེས་གསུངས་ཏེ། མ་གྲངས་པ་ནི་རླངས་པ་མ་ཡོལ་བ་ལྟ་བུ་སྟེ། ཤེད་མ་བྱ
861	49	1	STAGE2_MANUAL	ཞེས་གསུངས་ཏེ། ལུས་ཀྱི་རྨ་ནི་རང་བཞིན་གྱིས་ཀྱང་འཚོ་བ་དང་ཤིན་ཏུ
871	67	1	STAGE2_MANUAL	ཅེས་གསུངས་ཏེ། སེམས་སྲུང་བའི་ཐབས་ཅི་ཞེ་ན། བྱང་ཆུབ་ཀྱི་སེམས་མི
872	56	1	STAGE2_MANUAL	གཉིས་པ་དྲན་ཤེས་མེད་པའི་སྐྱོན་ལྔ་བཤད་པ་ནི། དྲན་ཤེས་མེད་པའི་སྐ
891	55	1	STAGE2_MANUAL	སོང་ནའང་ངན་སོང་གནོད་པ་དག། དྲན་པར་བྱས་ཏེ་ཉེ་བར་བཞག། ཅེས་གསུངས
894	67	1	STAGE2_MANUAL	ཅེས་གསུངས་ཏེ། དགེ་བའི་བཤེས་གཉེན་ཚུལ་བཞིན་བསྟེན་པ་དང་། དེས་སེ
897	19	2	citation-split	འཇིགས་བཅས་དྲན་པ་རྟག་ཏུ་བཞག།
དེས་ནི་སངས་རྒྱས་རྗེས་དྲན་པའང༌།།

898	102	1	STAGE2_MANUAL	ཞེས་གསུངས་ཏེ། དེ་ལས་འཇིགས་པ་དང་གུས་པ་དེ་གང་ཞེ་ན། མིག་ལྡན་གྱི
910	114	1	STAGE2_MANUAL	ཞེས་གསུངས་ཏེ། དེ་ཡང་རེ་ཞིག་དང་པོར་ཞེས་བྱ་བ་ནི་སྒོ་གསུམ་གྱི་བ
913	86	1	STAGE2_MANUAL	རང་དོན་ཞི་བདེ་འདོད་པའི་བློས་ཡིན་ན་ཉན་རང་གི་དགེ་བར་འགྱུར་ཡང་ཐ
914	147	1	STAGE2_MANUAL	ཞེས་ཤེས་པར་བྱས་ནས་ཀུན་སློང་དེའི་གཉེན་པོ་འཁོར་བའི་ཉེས་དམིགས་ས
917	80	1	STAGE2_MANUAL	ཞེས་གསུངས་ཏེ། མིག་ཕབ་སྟེ་ལྟ་བ་ནི་རྟག་པར་གཉའ་ཤིང་གང་ཙམ་གྱི་མད
918	63	1	STAGE2_MANUAL	འོན་ཀྱང་བྱང་ཆུབ་སེམས་དཔའི་སྤྱོད་པ་ནི་བསམ་པས་འབྱེད་དགོས་པས་ཤི
924	41	1	STAGE2_MANUAL	སེམས་ཅན་ལ་ལྟ་བ་ན་རུས་པའི་འཕྲུལ་འཁོར་བསྐྱོད་པ་ཙམ་དང༌། སྡུག་བས
926	72	1	STAGE2_MANUAL	ལྟ་སྟངས་མི་གཡེང་བ་སོགས་ཀྱང་སེམས་སྲུང་བའི་ཆེད་ཡིན་པས་གཟུགས་སོ
938	60	1	STAGE2_MANUAL	ཞེས་དམ་བཅའི་གོ་བསྒོས་ཏེ་ཤེས་བཞིན་གྱིས་བསྒྲུབ་པར་བྱ་ལ། སྐབས་ས
942	111	1	STAGE2_MANUAL	དེ་ལྟར་ཡིད་ལ་སོ་སོར་བརྟག། ཅེས་གསུངས་ཏེ། གླང་པོ་ཆེ་ནི་སྟོབས་ཆ
943	41	1	STAGE2_MANUAL	ཤེས་བཞིན་ཐག་པ་ལྟ་བུ་དེ་ཡང་གང་ཞེ་ན། ཅི་ནས་ཀྱང་ཏིང་ངེ་འཛིན་ལས་
946	44	1	STAGE2_MANUAL	ཞེས་གསུངས་ཏེ། གང་ཡང་རུང་བའི་འཇིགས་པས་གཡེངས་ཏེ་རྟབ་རྟབ་པོར་གྱ
948	63	1	STAGE2_MANUAL	ཞེས་སོགས་རྩེ་གཅིག་ཏུ་མཉམ་པར་འཇོག་མི་ནུས་ན་ཇི་ལྟར་བྱ་ཞེ་ན། དེ
949	45	1	STAGE2_MANUAL	ཞེས་གསུངས་པ་དང་རྒྱུ་མཚན་མཚུངས་པའི་ཕྱིར། གནང་བ་འདི་ཡང་ལུས་ངག་
950	44	1	STAGE2_MANUAL	དེའི་ཚེ་ལྟུང་མེད་ཀྱི་རྒྱུ་མཚན་ཅི་ཞེ་ན། འདི་ལྟར་སྦྱིན་པའི་དུས
951	66	1	STAGE2_MANUAL	ཞེས་སྤྱིར་ཕན་ཡོན་ཆེ་ཆུང་གི་ཁྱད་ཡོད་མོད་ནའང་གཙོ་བོར་སྦྱིན་པ་ས
952	152	1	STAGE2_MANUAL	གལ་ཏེ་གཙོ་བོ་ཚུལ་ཁྲིམས་དོར་ནས་གཙོ་བོ་མ་ཡིན་པའི་སྦྱིན་པ་ལྷུར་
956	51	1	STAGE2_MANUAL	ཞེས་གསུངས་ཏེ། དེ་ལྟར་བྱས་ན་ཕྱི་མ་ཡང་གདོན་མི་ཟ་བར་གྲུབ་པར་འགྱ
974	57	1	STAGE2_MANUAL	ཞེས་གསུངས་ཏེ། དགོས་པ་ཁྱད་པར་བ་མེད་པར་ལག་དལ་གྱིས་ས་རྐོ་བ་དང་ར
988	174	1	STAGE2_MANUAL	ཞེས་གསུངས་ཏེ། ཀུན་སློང་ཉོན་མོངས་པ་ཅན་གྱིས་བྱ་བ་ལ་མི་འཇུག་པར་
1001	25	2	citation-split	རིང་ཞིག་ལོན་ནས་དལ་བའི་མཆོག།
ཐོབ་པ་ཡང་དང་ཡང་བསམས་ནས།།
སེམས་དེ
1002	64	1	STAGE2_MANUAL	ཞེས་གསུངས་ཏེ། བླང་དོར་གྱི་གནས་ལ་མ་འཁྲུལ་བས་ཤིན་ཏུ་ངེས་པ་དང༌།
1003	111	1	STAGE2_MANUAL	སྐྱེས་བུ་དམ་པས་ཁྲེལ་དོགས་པའི་ངོ་ཚ་ཤེས་པ་དང༌། རྣམ་སྨིན་ལ་འཇིག
1004	68	1	STAGE2_MANUAL	ཞེས་ལྷག་པར་བརྩེ་བ་དང༌། སེམས་འཁྲུག་པ་སོགས་ཉོན་མོངས་པ་ཅན་གྱི་ཁ
1010	58	1	STAGE2_MANUAL	ཅེས་གསུངས་ཏེ། ལུས་འདི་ནི་རྟོག་པ་མེད་སེམས་པ་མེད་དེ། དུར་ཁྲོད་
1013	51	1	STAGE2_MANUAL	ཞེས་གསུངས་ཏེ། སུའི་ཡང་མ་ཡིན་པའི་བེམས་པོ་འདི་ལ་སེམས་སྟོང་པ་གང
1016	63	1	STAGE2_MANUAL	ཞེས་གསུངས་ཏེ། སེམས་ཁྱོད་ཅིས་ཀྱང་བདག་གིར་འཛིན་ན་ཤིང་སྡོང་གཙང་
1026	65	1	STAGE2_MANUAL	ཞེས་གསུངས་ཏེ། སེམས་ཁྱོད་ལ་ལུས་འདི་མཁོ་བ་ཅུང་ཟད་ཀྱང་མེད་དེ། ཁ
1027	99	1	STAGE2_MANUAL	འདིར་དོགས་པ་འདི་འབྱུང་བའི་གནས་ཡོད་དེ། ལུས་དེ་ཙམ་དུ་སྙིང་པོ་མ
1028	50	1	STAGE2_MANUAL	དང་པོའི་ལན་ནི། དེ་ནི་གནས་སྐབས་ཐ་དད་དེ། སྔར་ཆོས་ཀྱི་དོན་དུ་མི
1029	47	1	STAGE2_MANUAL	འདིར་ནི་ལུས་ལ་ཞེན་ཞིང་ཆགས་པའི་བློ་འཇོམས་པའི་ཕྱིར་ལུས་ལ་ཆགས་བ
1034	115	1	STAGE2_MANUAL	ཅེས་གསུངས་ཏེ། དེ་ཡང་མི་འོ་ཅོག་གི་ཞེས་པ་ནི་བདག་ཅག་མིར་སྐྱེས་ས
1035	60	1	STAGE2_MANUAL	ལུང་དུ་མ་བསྟན་པའི་ལས་ཀྱང་གནས་སྐབས་ཀྱི་བྱ་བ་ཟིན་པ་ཙམ་དེ་ཉིད་འ
1036	47	1	STAGE2_MANUAL	དེས་ན་ལུང་དུ་མ་བསྟན་པ་སྙིང་པོ་མེད་པ་རྣམས་ཀྱང་དོར་ཏེ། མི་དགེ་
1041	67	1	STAGE2_MANUAL	ཞེས་གསུངས་ཏེ། དེ་ཡང་ལུས་འདི་འཕངས་མེད་དུ་དགེ་བ་ལ་བཀོལ་དགོས་ཏེ
1043	174	1	STAGE2_MANUAL	དེས་ན་ལུས་འདི་ལ་གླ་རྔན་གྱི་དོན་དུ་ཟས་སྐོམ་དང༌། གོས་དང༌། སྨན་
1046	176	1	STAGE2_MANUAL	ཞེས་གསུངས་ཏེ། འོན་ཀྱང་ལུས་འདི་ནི་འཁོར་བའི་མཚོ་ལས་བདག་གཞན་སྒྲ
1047	69	1	STAGE2_MANUAL	དེ་ལྟར་ལུས་དང་ལོངས་སྤྱོད་ཀྱི་རང་བཞིན་ཤེས་པས་ཆགས་པ་མེད་པར་འགྱ
1049	48	1	STAGE2_MANUAL	གཉིས་པ་དགེ་བ་སྒྲུབ་པའི་སྤྱོད་པ་ལ་བསླབ་པ་ལ་དྲུག རྗེས་ཐོབ་ཀྱི་
1052	82	1	STAGE2_MANUAL	ཞེས་གསུངས་ཏེ། སེམས་དུལ་ཞིང་ལས་སུ་རུང་བ་ནི་སྤྱོད་པ་ཐམས་ཅད་ཀྱི
1054	80	1	STAGE2_MANUAL	ཞེས་གསུངས་ཏེ། ཁྲི་སོགས་སྒྲ་བཅས་སུ་དྲག་པོར་མི་དོར་བ་དང༌། སྒོ་
1057	41	1	STAGE2_MANUAL	ཅེས་གསུངས་ཏེ། དེས་ན་ལུས་ངག་གི་སྤྱོད་ལམ་ཐམས་ཅད་འཇམ་ཞིང་དལ་ལ། 
1062	92	1	STAGE2_MANUAL	ཞེས་གསུངས་ཏེ། གཞན་དགེ་བ་ལ་བསྐུལ་བའི་གཞེན་བསྐུལ་ཐབས་མཁས་པས་འད
1063	165	1	STAGE2_MANUAL	གལ་ཏེ་གཞན་སུ་ཞིག་བདག་ཉིད་ལས་མཁས་ཀྱང་རུང་མི་མཁས་ཀྱང་རུང༌། ཆོས
1065	116	1	STAGE2_MANUAL	ཞེས་རི་དྭགས་སྐྱེས་ཀྱིས་བརྗོད་པ་ན། མྱ་ངན་འདས་ཞེས་པའི་ཚིག་ཙམ་ལ
1069	125	1	STAGE2_MANUAL	གལ་ཏེ་ཆོས་མ་ཡིན་པ་སྟོན་པ་ཞིག་ན་ནི་རིགས་པ་དང་ལུང་གིས་ཚར་བཅད་པ
1075	109	1	STAGE2_MANUAL	ཞེས་གསུངས་ཏེ། སྤྱིར་གཞན་གྱི་ཡོན་ཏན་བརྗོད་ན་ངོར་མི་བརྗོད་པར་ལ
1076	44	1	STAGE2_MANUAL	རང་གི་ཡོན་ཏན་ཕ་རོལ་གྱིས་བརྗོད་པ་མཐོང་ན་ཡོན་ཏན་ཤེས་པ་དང༌། དེ་
1079	97	1	STAGE2_MANUAL	དེ་ལྟར་གཞན་དོན་ཁོ་ན་བསྒྲུབ་པར་བྱ་བ་ཡིན་ན་རང་ཉིད་ཀྱིས་བསྒྲུབས
1081	41	1	STAGE2_MANUAL	380,381 ཞེས་གསུངས་ཏེ། དེ་ལྟར་གཞན་བདེས་བདག་དགའ་བ་འདི་ལ་ནི་བདག
1082	45	1	STAGE2_MANUAL	དེ་ལས་ཟློག་སྟེ་གཞན་གྱི་བདེ་བ་མི་བཟོད་པ་དང་ཉེས་པར་དགའ་བའི་བློ
1085	100	1	STAGE2_MANUAL	ཞེས་གསུངས་ཏེ། བྱང་ཆུབ་སེམས་དཔས་སྨྲ་བ་ན་བག་ཕབ་སྟེ་ཕ་རོལ་པོ་ཡི
1086	55	1	STAGE2_MANUAL	དེ་ལྟར་སྐྱོན་དེ་དག་དང་བྲལ་ཞིང་ཡོན་ཏན་ཡང་ཕྱད་པར་ལུང་སྟོན་པ་དང
1089	89	1	STAGE2_MANUAL	ཞེས་གསུངས་ཏེ། འདིར་ནི་དགེ་བའི་བཤེས་གཉེན་གྱི་འདུ་ཤེས་ཀྱིས་གཞན
1091	48	1	STAGE2_MANUAL	དྲུག་པ་དགེ་བ་ཁྱད་པར་ཅན་ཇི་ལྟར་སྒྲུབ་ཚུལ་ལ་གསུམ། ཆོས་བཞི་ལྡན་
1097	113	1	STAGE2_MANUAL	ཞེས་པ་ལྟར་དུས་ཀྱི་ཁྱད་པར་རྟག་ཏུ་བྱེད་པ་དང༌། བསམ་པའི་ཁྱད་པར་མ
1103	146	1	STAGE2_MANUAL	ཞེས་གསུངས་ཏེ། དེ་ཙམ་གྱིས་ཆོག་ཤེས་པར་ཡང་མི་བྱ་སྟེ་སྦྱིན་པའི་ཕ
1108	226	1	STAGE2_MANUAL	དེ་ཐམས་ཅད་ཀྱི་དགོས་པ་ནི་རྟག་ཏུ་གཞན་དོན་ལ་བརྩོན་པ་ཡིན་ཏེ། སངས
1115	45	1	STAGE2_MANUAL	དེ་ལ་བགོ་བ་ནི་འཕྲོག་མ་ལ་ཆང་བུ་གཉིས་བྱིན་པ་དང༌། དེའི་བུ་ཐུ་བོ
1117	104	1	STAGE2_MANUAL	འགྲེལ་ཆེན་ལས། ཚངས་པ་མཚུངས་པར་སྤྱོད་པ་ཞེས་པས་ཆོས་འདི་པ་སངས་རྒ
1120	96	1	STAGE2_MANUAL	དེ་ཡང་ཨོཾ་བུདྡྷ་ནཻ་ཝཱིདྱ་ཨཱཿཧཱུཾ་གིས་སངས་རྒྱས་ལ་དབུལ་བ་སོགས་
1121	59	1	STAGE2_MANUAL	དགེ་སློང་གི་སྣམ་སྦྱར་དང་བཅས་པའི་ཆོས་གོས་གསུམ་མམ། རབ་བྱུང་སྡེ
1122	51	1	STAGE2_MANUAL	འགྲེལ་ཆེན་དུ། བྱང་ཆུབ་སེམས་དཔའི་སོ་སོར་ཐར་པ་ལས། ཡང་ལ་ལ་ཞིག་འ
1123	63	1	STAGE2_MANUAL	གལ་ཏེ་དེ་ལ་ཆོས་གོས་གསུམ་ལས་མེད་ན་གང་ལ་བསྟེན་ནས་ཚངས་པར་སྤྱོད་
1127	114	1	STAGE2_MANUAL	395,396 ཞེས་གསུངས་ཏེ། དལ་འབྱོར་གྱི་ལུས་ནི་དམ་པའི་ཆོས་སྤྱོད་པ
1130	107	1	STAGE2_MANUAL	397,398 ཞེས་གསུངས་ཏེ། གལ་ཏེ་ལུས་སློང་བ་ཞིག་འོངས་ན་ཡང་དོན་ཆེན
1133	177	1	STAGE2_MANUAL	སྤྱིར་བྱང་ཆུབ་སེམས་དཔའ་རིགས་ལ་གནས་པ་སྙིང་རྗེའི་དབང་གིས་སོ་སྐ
1140	43	1	STAGE2_MANUAL	མགོ་གཡོགས་པ་དང༌། གདུགས་དང༌། འཁར་བ་དང༌། མཚོན་ཆ་དང༌། གོ་ཆ་ཅན་ད
1144	43	1	STAGE2_MANUAL	གལ་ཏེ་གདུལ་བའི་སྐབས་ཤེས་པས་ཡིན་ན་ཉེས་པ་མེད་དེ། མ་འགགས་པས་ཁྱེ
1148	58	1	STAGE2_MANUAL	ཞེས་གསུངས་ཏེ། ཐེག་པ་ཆེ་ཆུང་ལ་སེམས་མཉམ་པས་གུས་པར་བྱ་སྟེ་གཞན་ད
1150	45	1	STAGE2_MANUAL	འོ་ན་ཡང་རེ་ཞིག་སྣོད་མ་ཤེས་ནས་བརྟག་པའི་ཆེད་དམ་དུས་ལ་སྡོད་དགོས
1152	209	1	STAGE2_MANUAL	ཞེས་སོགས་ཉན་ཐོས་ཀྱི་མདོ་དང༌། མུ་སྟེགས་ཀྱི་གསང་སྔགས་སོགས་ཀྱིས
1154	160	1	STAGE2_MANUAL	དེས་ན་ཇི་ལྟར་འབྱོར་བའི་སེང་གེའི་ཁྲི་བཤམས་པ་ལ་ཆོས་སྨྲ་བ་གཙང་ས
1160	85	1	STAGE2_MANUAL	ཞེས་གསུངས་ཏེ། དེ་ཡང་སོ་ཤིང་ནི་ཤིང་བུས་སོའི་དྲི་མ་བྲུད་པ་སྟེ་
1174	133	1	STAGE2_MANUAL	ཞེས་གསུངས་ཏེ། ཉལ་བ་ན་སངས་རྒྱས་མྱ་ངན་ལས་འདས་པའམ། གཟིམས་པའི་ཚུ
1183	108	1	STAGE2_MANUAL	ཞེས་གསུངས་ཏེ། སོ་སོ་སྐྱེ་བོ་ལ་ལྟུང་བས་གཏན་མ་གོས་པ་སྲིད་པར་དཀ
1189	70	1	STAGE2_MANUAL	ཅེས་གསུངས་ཏེ། སྤྱིར་རྒྱལ་བའི་སྲས་ཀྱིས་ཤེས་པར་བྱ་བ་ཙམ་དུ་མི་བ
1197	61	1	STAGE2_MANUAL	ཅེས་གསུངས་ཏེ། ཡོན་ཏན་ཐམས་ཅད་དགེ་བའི་བཤེས་གཉེན་ལ་རག་ལས་ལ། དེའ
1199	43	1	STAGE2_MANUAL	དེ་ཡང་ཚོང་དཔོན་གྱི་བུ་ནོར་བཟང་ལ། ཁྱེའུ་དཔལ་འབྱུང་དང་བུ་མོ་དཔ
1203	52	1	STAGE2_MANUAL	ཞེས་གསུངས་ཏེ། དེ་ཡང་དགེ་བའི་བཤེས་གཉེན་བསྟེན་ཚུལ་འདི་དང་ཕ་རོལ
1206	48	1	STAGE2_MANUAL	ཞེས་གསུངས་ཏེ། དེའི་ཡང་ཐོག་མར་ནམ་མཁའི་སྙིང་པོས་ཞུས་པའི་མདོ་ནི
1208	101	1	STAGE2_MANUAL	ཞེས་སོགས་དང༌། མདོ་དང་སྔགས་ཀྱིས་འདྲིད་མི་བྱ།། ཞེས་སོགས་ཉན་ཐོས
1214	55	1	STAGE2_MANUAL	ཞེས་གསུངས་ཏེ། སློབ་དཔོན་ཉིད་ཀྱི་བསྟན་བཅོས་གཉིས་དང༌། འཕགས་པ་ཀ
1218	81	1	STAGE2_MANUAL	ཅེས་གསུངས་ཏེ། མདོར་ན་གང་མདོ་བསྟན་བཅོས་དེ་རྣམས་ལས་སྤྱོད་པ་གང་
1225	44	1	STAGE2_MANUAL	ཞེས་གསུངས་ཏེ། དེ་ལས་གཞན་དུ་ཤེས་བཞིན་སྲུང་བར་དེ་ལ་དེ་རྣམས་ཀྱང
1227	79	1	STAGE2_MANUAL	ch-6 ད་ནི་བཟོད་པ་བཤད་པར་བྱ་སྟེ། དེ་ལ་ལེའུའི་འབྲེལ་ནི། ཕ་རོལ་
1233	71	1	STAGE2_MANUAL	ཞེས་གསུངས་ཏེ། འཆགས་འཇིག་སྟོངས་གནས་བཞི་པོ་རེ་རེ་ལ་བར་བསྐལ་ཉི་
1234	53	1	STAGE2_MANUAL	ཡུན་དེ་ལ་སོགས་པར་བསགས་པའི་དགེ་བ་ཡང་ཁོང་ཁྲོ་དྲག་པོ་གཅིག་གིས་འ
1236	57	1	STAGE2_MANUAL	དགེ་སློང་དག་དགེ་སློང་འདིས་ཇི་ཙམ་ཞིག་ནོན་པའི་འོག་ཏུ་དཔག་ཚད་བར
1237	113	1	STAGE2_MANUAL	འོ་ན་ཕྱག་འཚལ་བ་ནི་མང་ལ་འཁོར་ལོས་བསྒྱུར་བ་ནི་ཆེས་ཉུང་ན་དགེ་བ་
1240	92	1	STAGE2_MANUAL	དེས་ན་གསོག་པ་ན་སྒོ་གསུམ་གྱི་དཀའ་བ་ཆེན་པོས་ཡུན་རིང་དུ་ཆུང་ངུ་
1241	139	1	STAGE2_MANUAL	གང་འཇིག་རྟེན་ན་དཀའ་བའི་གནས་སུ་གྲགས་པ་ཕྱི་རོལ་པ་ཁ་ཅིག་གིས་རྐང
1249	150	1	STAGE2_MANUAL	ཞེས་གསུངས་ཏེ། དཔེར་ན་དུག་མདའི་མདེའུ་ཁོང་དུ་ལུས་ན་བདེ་བའི་སྐབ
1258	48	1	STAGE2_MANUAL	ཞེས་གསུངས་ཏེ། དེ་ལྟ་བུའི་ཞེ་སྡང་གི་འབྲས་བུ་ནི་དམྱལ་བའི་སྡུག་
1260	87	1	STAGE2_MANUAL	ཞེས་གསུངས་ཏེ། ཁྲོ་བས་ནི་གཡུལ་ལ་སོགས་པར་འཇུག་ཅིང་རང་གསོད་པར་འ
1262	70	1	STAGE2_MANUAL	ཞེས་གསུངས་ཏེ། དེ་ལྟ་བུའི་ཞེ་སྡང་གི་སྐྱོན་རིག་པས་མདེའུ་ཁོང་དུ
1267	58	1	STAGE2_MANUAL	དང་པོ་ལ་དྲུག མི་དགའ་བ་ཁྲོ་བའི་རྒྱུར་བསྟན་པ། དེའི་ཟས་ཡིད་མི་བ
1270	103	1	STAGE2_MANUAL	ཞེས་གསུངས་ཏེ། དེ་ཡང་ཁྲོ་བའི་རྒྱུ་ནི་བདག་འདོད་པའི་བྱ་བ་ལ་གེགས
1281	62	1	STAGE2_MANUAL	དེ་ལ་མི་འདོད་པ་ནི་བཅུ་གཉིས་ཏེ། བདག་ལ་སྡུག་བསྔལ་བ་དང་བརྙས་པ་ད
1283	124	1	STAGE2_MANUAL	འདི་ཡང་གཙོ་བོར་སེམས་ཅན་དུ་ཆུད་པས་འདོད་མི་འདོད་ཀྱི་བྱ་བ་བྱེད་
1286	51	1	STAGE2_MANUAL	ཅེས་གསུངས་ཏེ། དེ་ཡང་བདག་གི་རྣམ་པ་ཀུན་ཏུ་རང་བཞིན་ཉིད་ཀྱིས་དགྲ
1291	52	1	STAGE2_MANUAL	ཞེས་གསུངས་ཏེ། བདག་རྟེན་དལ་འབྱོར་ཐོབ། བྱང་ཆུབ་ཏུ་སེམས་བསྐྱེད།
1294	92	1	STAGE2_MANUAL	ཞེས་གསུངས་ཏེ། དེ་ཡང་བདག་ཡིད་མི་དགའ་བ་དེས་ནི་བདག་ཉིད་སྡུག་བསྔ
1296	121	1	STAGE2_MANUAL	ཞེས་གསུངས་ཏེ། གལ་ཏེ་བྱ་བ་དེ་དག་ཕྱིར་བཅོས་སུ་ཡོད་ན་ནི་མི་དགའ་
1301	58	1	STAGE2_MANUAL	ལྔ་པ་མི་འདོད་པ་ལ་མི་དགའ་བའི་རྟོག་པ་གཞོམ་པ་ལ་གསུམ་སྟེ། བདག་ཉི
1304	50	1	STAGE2_MANUAL	སྤྱིར་བཟོད་པ་ཐམས་ཅད་དེ་གསུམ་དུ་འདུ་མོད་ཀྱང༌། སྐབས་འདིར་སྒོམ་
1305	52	1	STAGE2_MANUAL	དང་པོ་སྡུག་བསྔལ་དང་ལེན་གྱི་བཟོད་པ་ལ་དྲུག་ནི། སྡུག་བསྔལ་ངེས་འ
1308	102	1	STAGE2_MANUAL	ཞེས་གསུངས་ཏེ། དེ་ཡང་འདིར་འཇིག་རྟེན་པ་ལ་གྲགས་པའི་བདེ་བའི་རྒྱུ
1309	64	1	STAGE2_MANUAL	ཡང་དག་པར་ན་འཁོར་བ་པ་རྣམས་བདེ་བར་འཛིན་པ་འདི་དག་ཡང་བདེ་བ་མ་ཡིན
1310	60	1	STAGE2_MANUAL	ཞེས་གསུངས་ལ། དེ་ལྟར་སྡུག་བསྔལ་གྱི་ཕུང་པོ་སྲིད་པ་གསུམ་འདི་ལས་
1314	104	1	STAGE2_MANUAL	ཞེས་བགྲོས་ཏེ་ལྷ་རྣམས་ཀྱི་འོད་གཅིག་ཏུ་བསྡུས་པས་ལྷ་མོ་ཨུ་མ་ཞེས
1315	63	1	STAGE2_MANUAL	ཞེས་བཤད་ལ། དེའི་དཀའ་ཐུབ་ཟློག་པའི་ཕྱིར་ཨུ་མ་ལ་དཀའ་ཐུབ་ཟློག་མ་
1317	132	1	STAGE2_MANUAL	ཞེས་དང༌། ཀརྞ་ཌ་པ་ཞེས་བྱ་བ་ནི། རྒྱ་གར་ལྷོ་ཕྱོགས་ཀྱི་ཡུལ་ཞིག་ས
1320	229	1	STAGE2_MANUAL	ཞེས་གསུངས་ཏེ། གོམས་ན་སོགས་ལ་དཀའ་འགྲེལ་ཆེན་མོར། སྡུག་བསྔལ་ཆུང
1322	172	1	STAGE2_MANUAL	དང་པོ་ལྟར་ན། སྲིད་པ་ན་བདེ་བ་མེད་པ་དང་འགལ། ཕྱི་མ་ལྟར་ན། སོ་སྐ
1323	58	1	STAGE2_MANUAL	དེ་བས་ན་འཁོར་བ་པ་རྣམས་སྡུག་བསྔལ་དུ་འཛིན་པ་ལུས་ཀྱི་ན་ཚ་དང་སེམ
1324	41	1	STAGE2_MANUAL	བཞི་པ་བརྟགས་ཏེ་བཟོད་པར་བྱ་བ་ལ་བཞི། དོན་མེད་ཀྱི་སྡུག་བསྔལ་ལ་བ
1327	73	1	STAGE2_MANUAL	ཞེས་གསུངས་ཏེ། དེ་ཡང་དུག་སྦྲུལ་དང་དུག་སྦྲང་སོགས་དུས་ཀྱི་རྗེས་
1330	59	1	STAGE2_MANUAL	ཞེས་གསུངས་ཏེ། རི་རབ་རླུང་གིས་མི་བསྒུལ་བ་ལྟར་བདག་དང་བདག་གི་ལ་
1334	86	1	STAGE2_MANUAL	ཞེས་གསུངས་ཏེ། འཇིག་རྟེན་ན་ཡང་སྡར་མ་དག་ནི་གཡུལ་ངོར་གཞན་ལ་ཁྲག་
1337	48	1	STAGE2_MANUAL	ཞེས་གསུངས་ཏེ། དེས་ན་གནོད་པ་དང་སྡུག་བསྔལ་ཐམས་ཅད་ལ་ཅི་སྙམ་དུ་མ
1341	112	1	STAGE2_MANUAL	ཞེས་གསུངས་ཏེ། དགྲ་བོ་དཔུང་ཆེན་པོ་དང་གཡུལ་འགྱེད་པ་ན་ནན་ཏན་གྱི
1344	55	1	STAGE2_MANUAL	ཞེས་གསུངས་ཏེ། སྡུག་བསྔལ་འདི་ནི་ཕན་ཡོན་ཆེན་པོ་ཅན་ཏེ་སེམས་སྐྱོ
1345	49	1	STAGE2_MANUAL	གཉིས་པ་ཆོས་ལ་ངེས་པར་སེམས་པའི་བཟོད་པ་ལ་བཞི། ཉོན་མོངས་ཀྱི་དབང་
1349	72	1	STAGE2_MANUAL	ཞེས་གསུངས་ཏེ། དེ་ཡང་རླུང་མཁྲིས་བད་ཀན་གྱིས་དཀྲུགས་པ་དང་སྐྱེས་
1361	53	1	STAGE2_MANUAL	ཞེས་མི་སེམས་ཞིང་ཁྲོ་བ་དེ་ཡང་བདག་གིས་བདག་མི་ཤེས་མོད་ཀྱི་རྒྱུ་
1367	72	1	STAGE2_MANUAL	ཞེས་པ་ནི་གྲངས་ཅན་པས་རྡུལ་མུན་སྙིང་སྟོབས་ཆ་མཉམ་པ་ལ་གཙོ་བོ་ཞེས
1368	55	1	STAGE2_MANUAL	རྐྱེན་ལ་རག་ལས་པ་རྣམས་རང་དབང་ཅན་མ་ཡིན་ཡང་གཙོ་བོ་དང་བདག་དེ་རྐྱ
1374	74	1	STAGE2_MANUAL	མ་སྐྱེས་པར་འདོད་ན་ནི་དེ་མེད་པར་ཐལ་ཏེ་རྒྱུ་རྐྱེན་ལས་མ་བྱུང་བའ
1376	218	1	STAGE2_MANUAL	ཞེས་གསུངས་ཏེ། ཡང་བདག་དེ་གཙོ་བོས་གཏད་པའི་རྣམ་འགྱུར་ལ་ལོངས་སྤྱ
1377	72	1	STAGE2_MANUAL	གཉིས་པ་རིག་པ་ཅན་པ་བཀག་པ་ནི། གྲངས་ཅན་ལས་གཞན་རིག་པ་ཅན་པ་ན་རེ། 
1383	44	1	STAGE2_MANUAL	ཅེས་གསུངས་ཏེ། སེམས་པ་ལ་སོགས་པའི་རྐྱེན་གཞན་རྣམས་དང་ཕྲད་ན་ཡང་བ
1384	41	1	STAGE2_MANUAL	ཡང་བདག་དེ་གནོད་པ་བྱེད་པའི་ཚེ་རྟག་ཅིང་སེམས་པ་མེད་ལ་ཁྱབ་པའི་སྔ
1388	62	1	STAGE2_MANUAL	ཅེས་གསུངས་ཏེ། གལ་ཏེ་བདག་དེ་གནོད་པ་བྱེད་པའི་ཚེ་ནའང་རྟག་ཅིང་སེ
1389	44	1	STAGE2_MANUAL	གནོད་པ་ལ་སོགས་པ་དེའི་བྱེད་པའི་རྐྱེན་དང་བྱེད་པ་པོ་བདག་དེ་ལ་བད
1392	49	1	STAGE2_MANUAL	ཞེས་གསུངས་ཏེ། མདོར་ན་རང་དབང་ཅན་གྱི་བདག་དང་གཙོ་བོ་སོགས་མེད་དེ
1393	65	1	STAGE2_MANUAL	དེ་ལྟར་ཤེས་པ་ན་ཆུ་ལས་ལྦུ་བ་དང་མེ་ལས་དུ་བ་ལྟར་མེད་བཞིན་དུ་རྒྱ
1396	45	1	STAGE2_MANUAL	ཞེས་གསུངས་ཏེ། འོ་ན་ཐམས་ཅད་སྤྲུལ་པ་ལྟ་བུ་ཡིན་ན་ཟློག་པ་པོ་གང་ག
1398	126	1	STAGE2_MANUAL	ཅེས་གསུངས་ཏེ། བཟློག་བྱའི་ཁྲོ་བ་དང༌། ཟློག་བྱེད་ཀྱི་གཉེན་པོ་དང
1403	103	1	STAGE2_MANUAL	ཞེས་གསུངས་ཏེ། དེ་ལྟར་རང་དབང་མེད་པར་ཁྲོ་བའི་སེམས་ཅན་དག་ནི་སྙི
1404	98	1	STAGE2_MANUAL	འགྲེལ་པ་དུ་མར་རྒྱུ་མེད་དུ་རང་གར་འགྲུབ་པར་འགྱུར་ན། ཞེས་འབྲུ་བ
1405	74	1	STAGE2_MANUAL	ཞེས་སོགས་དང༌། འདི་ལྟ་སྟེ། ཚིག་ནམ་མཁའ་དང་མཚུངས་པའི་ཕྱིར་གཤེ་ཡ
1407	56	1	STAGE2_MANUAL	གསུམ་པ་གནོད་པ་ལ་ཇི་མི་སྙམ་པའི་བཟོད་པ་སྟོན་པ་ལ་བཞི། གནོད་བྱེད
1414	92	1	STAGE2_MANUAL	ཞེས་གསུངས་ཏེ། ཕྱི་རྗེས་གཞན་མ་བལྟས་པར་ཟས་ནོར་རམ་བུད་མེད་སོགས་
1429	52	1	STAGE2_MANUAL	ཞེས་གསུངས་ཏེ། སྐྱེས་བུའང་ཞེ་སྡང་གིས་རྦད་པས་ཞེ་སྡང་ལ་ཁྲོ་བ་རི
1433	87	1	STAGE2_MANUAL	ཞེས་གསུངས་ཏེ། སྔོན་ཡང་བདག་གིས་གཞན་ལ་གནོད་པ་བྱས་པས་རྣམ་སྨིན་ག
1437	51	1	STAGE2_MANUAL	ཞེས་གསུངས་ཏེ། དེ་ལྟ་མོད་ཀྱི་རང་གིས་ལུས་རགས་པ་གདོས་བཅས་མི་གཙང
1441	73	1	STAGE2_MANUAL	ཞེས་གསུངས་ཏེ། དེས་ན་སེམས་ཅན་རྣམས་ནི་འཚིག་པར་མི་འདོད་ཀྱང་མེ་ལ
1442	55	1	STAGE2_MANUAL	བཞི་པ་གནོད་བྱེད་དེ་བདག་ལ་ཕན་འདོགས་ཡིན་ཡང་གནོད་པའི་རྣམ་སྨིན་ག
1445	55	1	STAGE2_MANUAL	ཞེས་གསུངས་ཏེ། བདག་རང་གི་ལས་ཀྱིས་ཕ་རོལ་པོ་བསྐུལ་ཏེ་གནོད་པ་བྱས
1454	85	1	STAGE2_MANUAL	ཞེས་གསུངས་ཏེ། གལ་ཏེ་གཞན་ངན་འགྲོ་སྐྱེ་བའི་རྒྱུ་བདག་ལ་རག་ལས་པས
1457	49	1	STAGE2_MANUAL	ཞེས་གསུངས་ཏེ། འོན་ཏེ་ལན་དུ་གནོད་པ་བྱས་ན་བདག་གིས་བདག་མ་བསྲུངས
1458	51	1	STAGE2_MANUAL	གཉིས་པ་བརྙས་སོགས་ལ་བཟོད་པར་བྱ་བ་ལ་བཞི། བརྙས་སོགས་ཀྱིས་ལུས་ལ་
1462	80	1	STAGE2_MANUAL	ཞེས་གསུངས་ཏེ། བརྙས་པ་སྟེ་བཀུར་སྟི་ལས་ལོག་པར་བྱེད་པ་དང༌། ཚིག་
1467	50	1	STAGE2_MANUAL	གསུམ་པ་རྙེད་པའི་གེགས་བྱེད་པ་ལ་ཁྲོ་མི་རིགས་པར་བསྟན་པ་ལ་བཞི། ར
1470	138	1	STAGE2_MANUAL	ཞེས་གསུངས་ཏེ། དེ་ཡང་ལོངས་སྤྱོད་ནི་ཚེ་ཕྱི་མར་རྗེས་སུ་འབྲང་བ་མ
1478	126	1	STAGE2_MANUAL	ཆོམ་པོས་ཕྲོགས་པ་ཇི་བཞིན་དུ།། སྒྲེན་མོ་ལག་པ་སྟོང་པར་འགྲོ། ཞེས
1482	136	1	STAGE2_MANUAL	ཞེས་གསུངས་ཏེ། འོན་ཏེ་སྔར་རྙེད་པ་བསྒྲུབས་ཏེ་རྙེད་པ་དེས་ཕྱིས་ད
1489	104	1	STAGE2_MANUAL	ཅེས་གསུངས་ཏེ། གལ་ཏེ་གཞན་དམིགས་ཡུལ་དུ་བྱས་ནས་མ་དད་པ་ལ་ཁྲོ་བར་
1494	51	1	STAGE2_MANUAL	ཞེས་གསུངས་ཏེ། གསེར་ལ་སོགས་པ་ལས་དེ་བཞིན་གཤེགས་པའི་སྐུའི་དབྱིབ
1495	50	1	STAGE2_MANUAL	སྟོན་པས་གསུངས་པའི་དམ་པའི་ཆོས་མིང་ཚིག་ཡི་གེ་རྣམས་ཡུལ་གྲུ་སོ་ས
1496	110	1	STAGE2_MANUAL	དེ་ལ་སྐུ་གཟུགས་དང་མཆོད་རྟེན་དང་གླེགས་བམ་དེ་དག་གཞིག་པ་དང་ཚུལ་
1503	45	1	STAGE2_MANUAL	གཉིས་པ་གནོད་པ་ལ་ཇི་མི་སྙམ་པས་སྒོམ་པ་ལ་ཡང་བཞི། སེམས་ཡོད་ལ་བཀར
1506	65	1	STAGE2_MANUAL	ཞེས་གསུངས་ཏེ། འགྲོ་བ་འདི་དག་ལ་སེམས་ཡོད་པའི་དགྲས་གནོད་པ་བྱེད་
1509	56	1	STAGE2_MANUAL	ཞེས་གསུངས་ཏེ། ལ་ལ་ཞེས་བྱ་བ་ནི་གང་ཡང་རུང་བའི་དོན་ཏེ་སེམས་ཅན་ཁ
1513	75	1	STAGE2_MANUAL	ཞེས་གསུངས་ཏེ། གཉེན་བཤེས་ལ་སོགས་པ་གནོད་བྱ་གང་དག་དེ་ཉིད་ཀྱིས་ས
1515	55	1	STAGE2_MANUAL	གལ་ཏེ་ལས་ལ་ཁྲོའོ་ཞེ་ན། དེ་ནི་མཐོང་བྱ་མིན་པས་དམིགས་པར་མི་ནུས་
1517	86	1	STAGE2_MANUAL	ཞེས་གསུངས་ཏེ། དེ་ལྟར་ཁྲོ་བའི་ཉེས་དམིགས་དང༌། བཟོད་པའི་ཕན་ཡོན་
1522	98	1	STAGE2_MANUAL	ཞེས་གསུངས་ཏེ། ཁྱིམ་མེས་ཚིག་པ་ན་བུད་ཤིང་བསྣན་པར་བྱ་བ་མ་ཡིན་གྱ
1526	149	1	STAGE2_MANUAL	ཅེས་གསུངས་ཏེ། རྒྱལ་པོའི་ཁྲིམས་ཆེན་པོས་གསད་པར་བྱ་བ་ཞིག་ལག་པ་ཙ
1527	47	1	STAGE2_MANUAL	ཞེས་བྱུང་ཞིང༌། རྡོ་རྗེ་གཅོད་པར། ཤེས་རབ་ཀྱི་ཕ་རོལ་ཏུ་ཕྱིན་པ་ལ
1531	60	1	STAGE2_MANUAL	ཞེས་གསུངས་ཏེ། ཐོག་མ་མེད་པ་ནས་རྙེད་བཀུར་ལ་སོགས་པ་འདོད་པ་ངན་ངོ
1533	76	1	STAGE2_MANUAL	ཞེས་གསུངས་ཏེ། ད་ལྟའི་སྡུག་བསྔལ་དང་བརྙས་སོགས་འདི་ནི་དམྱལ་བའི་
1535	51	1	STAGE2_MANUAL	གསུམ་པ་དགྲ་ལ་ལེགས་པ་བྱེད་པ་ལ་བཟོད་པ་སྒོམ་ཚུལ་གསུམ་ནི། དགྲ་ལ་
1539	52	1	STAGE2_MANUAL	ཅེས་གསུངས་ཏེ། དེ་ཡང་བདག་གིས་མི་མཛའ་བ་དགྲར་བཟུང་བ་ཡོན་ཏན་དང་ལ
1540	81	1	STAGE2_MANUAL	དེ་ལ་སེམས་ཁྱོད་ཁྲོ་བར་མི་རིགས་ཏེ་ཁྲོ་བས་ནི་ཁྲོ་བ་པོ་སྡུག་བསྔ
1542	88	1	STAGE2_MANUAL	ཞེས་གསུངས་ཏེ། དེ་ལྟར་བྱས་པས་ཁྱོད་ཀྱི་རྒྱུད་ལ་ཐོབ་པའི་དགའ་བདེ
1546	141	1	STAGE2_MANUAL	ཞེས་བསྟན་ཡང་ད་དུང་སེམས་ཁྱོད་དགྲའི་ཡིད་བདེ་ཞིང་རང་ཡང་ཁྲོ་བ་ཞི
1548	119	1	STAGE2_MANUAL	རང་ལའང་བདེ་བ་འདོད་མི་བྱེད།། ཅེས་གསུངས་ཏེ། དེ་ལྟ་མོད་ཀྱི་གཞན་
1551	74	1	STAGE2_MANUAL	ཅེས་གསུངས་ཏེ། དགྲ་བོ་བདེ་བ་ན་སེམས་ཁྱོད་ཞེ་སྡང་བར་མི་རིགས་ཏེ།
1552	46	1	STAGE2_MANUAL	གསུམ་པ་དགྲ་ལ་རྙེད་པ་སྒྲུབ་པ་ལ་མི་བཟོད་པ་སྤང་བ་ལ་གཉིས། ཚིགས་བ
1556	270	1	STAGE2_MANUAL	ཅེས་གསུངས་ཏེ། དེ་ཡང་བདག་གིས་སེམས་ཅན་རྣམས་སངས་རྒྱས་ལ་དགོད་པར་
1559	61	1	STAGE2_MANUAL	ཞེས་གསུངས་ཏེ། དེས་ན་བྱང་ཆུབ་སེམས་དཔས་སེམས་ཅན་ཐམས་ཅད་བདེ་བ་ཐམ
1562	110	1	STAGE2_MANUAL	ཅེས་གསུངས་ཏེ། དེས་ན་བུས་རྙེད་པ་ཁྱད་པར་ཅན་ཐོབ་ན་ཕ་མ་ཆེས་དགའ་བ
1563	46	1	STAGE2_MANUAL	གཉིས་པ་གཞན་ལ་མ་བྱིན་ཀྱང་སྦྱིན་བདག་གི་ཁྱིམ་ན་གནས་པའི་ཡོ་བྱད་ཀ
1566	60	1	STAGE2_MANUAL	ཞེས་གསུངས་ཏེ། གལ་ཏེ་དེས་བདག་གི་སྦྱིན་བདག་ལས་རྙེད་པ་བླངས་པས་བ
1569	84	1	STAGE2_MANUAL	ཞེས་གསུངས་ཏེ། དེ་ལྟ་མོད་ཀྱི་ཆོས་བཞིན་གྱི་རྙེད་པ་རྣམས་ནི་རང་ག
1572	67	1	STAGE2_MANUAL	ཞེས་གསུངས་ཏེ། དེས་ན་རང་གིས་ཁྲོ་བའི་སྡིག་པ་བསྐྱེད་པ་ལ་མྱ་ངན་མ
1573	138	1	STAGE2_MANUAL	བམ་པོ་གཉིས་པ་ཞེས་བྱ་བ་ནི། ད་ལྟ་སྤྱོད་འཇུག་གི་བོད་དཔེ་མཐོང་བ་
1574	44	1	STAGE2_MANUAL	དྲུག་པ་འདོད་པའི་གེགས་བྱེད་པ་ལ་བཟོད་པ་སྒོམ་པ་ལ་གཉིས། དགྲ་ལ་གན
1579	101	1	STAGE2_MANUAL	ཞེས་གསུངས་ཏེ། དགྲ་བོ་ལ་གནོད་པ་བྱུང་ན་དེ་མི་དགའ་ཞིང་སྡུག་བསྔལ
1580	170	1	STAGE2_MANUAL	གལ་ཏེ་དགྲ་ལ་སྡུག་བསྔལ་དེ་གྲུབ་ན་ཡང་ཁྱོད་དགའ་བར་བྱར་ཅི་ཡོད་དེ
1581	42	1	STAGE2_MANUAL	གཉིས་པ་བདག་དང་བདག་གི་ཕྱོགས་ལ་ལེགས་པ་འགྲུབ་པའི་བར་ཆད་བྱེད་པ་ལ
1586	70	1	STAGE2_MANUAL	ཞེས་གསུངས་ཏེ། དེ་ཡང་གལ་ཏེ་བསྟོད་པའམ་གྲགས་པ་བསྒྲགས་པ་ན་དེས་བད
1588	79	1	STAGE2_MANUAL	ཅེས་གསུངས་ཏེ། དེ་ལྟ་མོད་ཀྱི་སེམས་ཁྱོད་ནི་སུ་ཡང་མ་ཡིན་པ་ཞིག་ལ
1590	66	1	STAGE2_MANUAL	ཞེས་གསུངས་ཏེ། གལ་ཏེ་ལུས་ལ་བདེ་བ་སོགས་མི་འབྱུང་ཡང་བསྟོད་གྲགས་
1591	52	1	STAGE2_MANUAL	དུག་ཀྱང་ཟ་རིགས་པར་འགྱུར་ཏེ་འཕྲལ་དུ་མངར་བའི་ཕྱིར། དེས་ན་བསྟོད
1594	114	1	STAGE2_MANUAL	ཞེས་གསུངས་ཏེ། དེ་ལྟ་མོད་ཀྱི་བསྟོད་གྲགས་ནི་ཉེས་པའི་འབྱུང་ཁུངས
1596	50	1	STAGE2_MANUAL	ཞེས་གསུངས་ཏེ། དེས་ན་བྱེ་མའི་ཁང་བུ་རྡིབ་པ་ན་བྱིས་པ་དག་ག་ཆད་པར
1600	82	1	STAGE2_MANUAL	ཞེས་བྱ་བ་འདི་གཞན་ཞིག་གིས་བདག་ལ་བརྗོད་པས་བསྟོད་པ་དང༌། དེ་བཞིན
1601	53	1	STAGE2_MANUAL	དེ་དག་ཚོགས་པ་ལས་སྐྱེས་བུ་དང་ཁྱོད་དང་མཛེས་པ་ཞེས་སོགས་ནི་མིང་ར
1602	74	1	STAGE2_MANUAL	གལ་ཏེ་མིང་འདུས་པས་དོན་གྱི་ཁྱད་པར་བསྟན་པའི་ཚིག་ཡིན་ནོ་སྙམ་ན། 
1603	50	1	STAGE2_MANUAL	དེས་ན་ཡང་དག་པར་ན་བསྟོད་པ་དང་གྲགས་པའི་སྒྲ་ཞིག་ཀྱང་མེད་ལ། གལ་ཏ
1606	76	1	STAGE2_MANUAL	ཅེས་གསུངས་ཏེ། ཡང་དེ་ལ་བརྟེན་ནས་བདག་ལ་གཞན་དག་དགའ་འོ་ཞེས་རང་གི
1608	65	1	STAGE2_MANUAL	ཞེས་གསུངས་ཏེ། གལ་ཏེ་དེ་བདེ་བས་བདག་གི་ཡིད་བདེ་འོ་ཞེ་ན། ལེགས་ཏ
1611	46	1	STAGE2_MANUAL	ཅེས་གསུངས་ཏེ། རྒྱུ་མཚན་དེ་རྣམས་ཀྱིས་རྣམ་པར་བརྟགས་པ་ན་སྙིང་པོ
1615	77	1	STAGE2_MANUAL	ཅེས་གསུངས་ཏེ། དེ་ཡང་བསྟོད་གྲགས་ལ་དགའ་བ་ན་དེས་སེམས་གཡོ་ཞིང་ཏི
1617	75	1	STAGE2_MANUAL	ཞེས་གསུངས་ཏེ། དེས་ན་སུ་ཞིག་བདག་གི་བསྟོད་པ་དང་གྲགས་པ་སོགས་འགོ
1620	52	1	STAGE2_MANUAL	ཞེས་གསུངས་ཏེ། དེ་ལྟ་མོད་ཀྱི་བདག་ནི་དང་པོར་རབ་ཏུ་བྱུང་བ་དང་བྱ
1622	49	1	STAGE2_MANUAL	ཞེས་དང༌། གཞན་ཡང་མདོ་རྣམས་ལས། འདུ་འཛིའི་ཉེས་དམིགས་རྒྱས་པར་བསྟ
1624	52	1	STAGE2_MANUAL	ཞེས་གསུངས་ཏེ། དེས་ན་བདག་བྱང་ཆུབ་ཀྱི་ལམ་དུ་མྱུར་བར་འགྲོ་བ་ལ་ཚ
1626	59	1	STAGE2_MANUAL	དེ་ལ་བདག་ནི་ཇི་ལྟར་ཁྲོ།། ཞེས་གསུངས་ཏེ། དེ་ལྟར་བདག་སྡུག་བསྔལ་
1630	99	1	STAGE2_MANUAL	ཞེས་གསུངས་ཏེ། དེ་ཡང་གནོད་བྱེད་འདིས་བདག་གི་བསོད་ནམས་ཀྱི་ལས་དག
1632	51	1	STAGE2_MANUAL	ཅེས་གསུངས་ཏེ། དེ་ལྟ་མོད་ཀྱི་བདག་ནི་རང་གི་སྐྱོན་ཞེ་སྡང་གི་དབང
1635	62	1	STAGE2_MANUAL	ཞེས་གསུངས་ཏེ། དེས་ན་གང་ཞིག་གནོད་བྱེད་མེད་ན་བཟོད་པ་གང་མེད་ལ་ག
1637	42	1	STAGE2_MANUAL	ཞེས་གསུངས་ཏེ། དཔེར་ན། དུས་སུ་ཕྱིན་པའི་སློང་མོ་པས་སྦྱིན་པའི་ག
1642	140	1	STAGE2_MANUAL	ཞེས་གསུངས་ཏེ། དེ་ཡང་འཇིག་རྟེན་གྱི་ཁམས་དག་པ་རྣམས་ན་སེམས་ཅན་དབ
1643	99	1	STAGE2_MANUAL	དེའི་ཤུགས་ཀྱིས་བསྟན་པ་ཚུལ་ཁྲིམས་ཀྱི་རྐྱེན་མི་དགེ་བའི་ཡུལ་ཡང་
1644	60	1	STAGE2_MANUAL	གལ་ཏེ་ཕར་གནོད་པ་བྱས་ཏེ་མཚོན་ལ་སོགས་ཀྱིས་ཟུག་པའམ་འཛིན་པའི་ཐབས
1645	45	1	STAGE2_MANUAL	དུད་འགྲོའི་ཆོས་ཉིད་ཀྱང་དེ་ལྟ་བུ་ཡིན་ན་བསམ་ཤེས་སུ་འདོད་པའི་མི
1647	133	1	STAGE2_MANUAL	ཞེས་གསུངས་ཏེ། དེ་བས་ན་གནོད་པ་བྱེད་པ་ནི་ཆེས་དཀོན་ན་བདག་ཉིད་ཀྱ
1649	73	1	STAGE2_MANUAL	ཞེས་གསུངས་ཏེ། དེས་ན་གནོད་བྱེད་འདིས་བཟོད་པའི་ཡུལ་བྱས་ལ་བདག་གི
1650	95	1	STAGE2_MANUAL	འོ་ན་བཟོད་པའི་འབྲས་བུ་ཐོག་མར་གནོད་བྱེད་ཀྱིས་འཐོབ་བམ་ཞེ་ན། ལས
1653	103	1	STAGE2_MANUAL	ཅེས་གསུངས་ཏེ། གལ་ཏེ་དགྲ་འདི་ནི་ཁྲོ་བས་གནོད་པ་བྱེད་པར་ཟད་ཀྱི་
1655	71	1	STAGE2_MANUAL	ཅེས་གསུངས་ཏེ། གལ་ཏེ་དགྲ་འདི་ནི་བདག་ལ་གནོད་པར་བྱ་བའི་བསམ་པ་ཡོ
1657	136	1	STAGE2_MANUAL	ཞེས་གསུངས་ཏེ། དེས་ན་ཕ་རོལ་གྱི་རབ་ཏུ་ཞེ་སྡང་པའི་སེམས་ལ་བརྟེན་
1660	107	1	STAGE2_MANUAL	ཞེས་གསུངས་ཏེ། དེ་ཡང་ཞིང་ས་གཤིན་པོ་ལ་བརྟེན་ནས་ལོ་ཏོག་སྐྱེ་བ་ལ
1665	60	1	STAGE2_MANUAL	འདི་དག་མགུ་བྱས་མང་པོ་ཞིག། འདི་ལྟར་ཕུན་སུམ་ཕ་རོལ་ཕྱིན།། ཞེས་ག
1668	68	1	STAGE2_MANUAL	ཞེས་གསུངས་ཏེ། དེས་ན་སེམས་ཅན་རྣམས་མགུ་བར་བྱས་པ་དང་སངས་རྒྱས་མཉ
1670	100	1	STAGE2_MANUAL	ཞེས་གསུངས་ཏེ། འོ་ན་སེམས་ཅན་དང་སངས་རྒྱས་ཡོན་ཏན་མཚུངས་པར་ཐལ་ལོ
1672	189	1	STAGE2_MANUAL	ཅེས་གསུངས་ཏེ། དེས་ན་སེམས་ཅན་རྣམས་ལའང་ཡོན་ཏན་ཡོད་དེ་ཁམས་རང་བཞ
1674	80	1	STAGE2_MANUAL	ཅེས་གསུངས་ཏེ། དེས་ན་སེམས་ཅན་ནི་གང་གི་ཆེད་དུ་བྱ་བའི་ཡུལ་ཡིན་ལ
1678	51	1	STAGE2_MANUAL	ཅེས་སངས་རྒྱས་དང་ས་བཅུ་རྒྱུན་མཐའི་བྱང་སེམས་ཀྱི་ཁྱད་པར་ཡང་ས་ཆེ
1682	62	1	STAGE2_MANUAL	ཞེས་གསུངས་ཏེ། གལ་ཏེ་སྐྱེ་བོ་འགའ་ཞིག་ལ་ཡང་རུང་སྟེ་སངས་རྒྱས་ཀྱ
1684	80	1	STAGE2_MANUAL	ཞེས་གསུངས་ཏེ། དེ་ལྟར་ཡོན་ཏན་གྱི་ཆ་ནས་ནམ་མཁའ་དང་རྩྭ་མཆོག་གི་བ
1685	77	1	STAGE2_MANUAL	གཉིས་པ་སྟོན་པའི་ཐུགས་དགོངས་རྫོགས་པའི་ཕྱིར་གུས་པར་བྱ་བ་ལ་ལྔ། 
1689	150	1	STAGE2_MANUAL	དེ་གང་ཞེ་ན། ནམ་དུ་ཡང་གཡོ་དང་སྒྱུ་མེད་པར་སེམས་ཅན་ཐམས་ཅད་ལ་མ་འ
1692	236	1	STAGE2_MANUAL	ཞེས་གསུངས་ཏེ། དེས་ན་བདག་ཅག་གི་སྟོན་པ་ཤཱཀྱའི་དབང་པོ་དེ་ཉིད་ཀྱ
1695	76	1	STAGE2_MANUAL	ཞེས་གསུངས་ཏེ། མདོར་ན་བདག་གི་རྗེ་བོ་ནི་སངས་རྒྱས་ཡིན་ལ་དེས་ཀྱང
1698	50	1	STAGE2_MANUAL	དེས་ན་བདག་གི་རྗེ་བོ་ཡང་གང་གི་ཆེད་དུ་རང་གི་སྐུ་ལའང་མི་གཟིགས་པ
1701	69	1	STAGE2_MANUAL	ཞེས་གསུངས་ཏེ། དེས་ན་སེམས་ཅན་གང་དག་བདེ་བས་ཐུབ་རྣམས་མཉེས་པར་འག
1702	173	1	STAGE2_MANUAL	དེ་ལྟ་མོད་ཀྱི་སངས་རྒྱས་ལ་མཉེས་མ་མཉེས་ཡོད་ན་དེ་ལ་ཆགས་སྡང་ཡང་ཡ
1705	128	1	STAGE2_MANUAL	འོན་ཀྱང་སེམས་ཅན་དག་ཆོས་ཡང་དག་པ་ལ་ཞུགས་པ་ན་མཉེས་པ་དང་དེ་ལས་ལྡ
1706	216	1	STAGE2_MANUAL	དེས་ན་སེམས་ཅན་ལ་གནོད་པ་བྱས་ན་མཆོག་གི་སྤྲུལ་པའི་སྐུར་བཞེངས་པའ
1709	42	1	STAGE2_MANUAL	ཞེས་གསུངས་ཏེ། དེས་ན་མི་ཞིག་ལུས་ལ་མེ་འབར་བ་ན་དེ་མ་ཞིའི་བར་ཅིས
1714	105	1	STAGE2_MANUAL	ཅེས་གསུངས་ཏེ། དེས་ན་བདག་གིས་སྔོན་སེམས་ཅན་ལ་གནོད་པ་བྱས་པས་སངས
1717	96	1	STAGE2_MANUAL	ཅེས་གསུངས་ཏེ། དེ་ལྟ་མོད་ཀྱི་སེམས་ཅན་འདི་དག་སངས་རྒྱས་རྣམས་ཀྱི
1724	78	1	STAGE2_MANUAL	ཞེས་བཤད་ཟིན་པའི་ཕྱིར། རང་དོན་ཡང་དག་སྒྲུབ་པའང་འདི་ཉིད་དེ། བྱི
1725	41	4	newline-expand	ཉི་མའི་དཀྱིལ་འཁོར་གང་ཚེ་འོད་ཀྱི་དྲ་བ་འགྱེད།།
དེ་ཚེ་སེམས་ཅན་ལ
1730	67	1	STAGE2_MANUAL	རྒྱལ་པོའི་མཐུ་སྟོབས་དེ་ཡི་དཔུང༌།། ཞེས་གསུངས་ཏེ། དེ་རིགས་ཏེ་ད
1732	110	1	STAGE2_MANUAL	ཞེས་གསུངས་ཏེ། དེ་བཞིན་དུ་སྐྱེ་བ་ཕྱི་མ་ནས་ཕྱི་མ་དཔག་ཏུ་མེད་པར
1734	69	1	STAGE2_MANUAL	ཞེས་གསུངས་ཏེ། དེའི་ཕྱིར་རྒྱལ་པོ་གཏུམ་པོ་གཟུ་ལུམས་ཅན་ནི་ཅིས་ཀ
1737	46	1	STAGE2_MANUAL	ཞེས་གསུངས་ཏེ། དེ་ལྟ་མོད་ཀྱི་རྒྱལ་པོ་ནི་ཤིན་ཏུ་ཁྲོས་ཀྱང་ནོར་ད
1739	53	1	STAGE2_MANUAL	ཞེས་གསུངས་ཏེ། ཡང་རྒྱལ་པོ་ནི་ཤིན་ཏུ་མགུ་ནའང་རྒྱལ་སྲིད་ཀྱི་ཕྱེ
1743	60	1	STAGE2_MANUAL	ཅེས་གསུངས་ཏེ། དེ་ཡང༌། སེམས་ཅན་མགུ་ལས་བྱུང་བ་ཡིས།། མ་འོངས་སངས
1746	68	1	STAGE2_MANUAL	དེ་ཡང་སེམས་ཅན་ལ་ཕན་བདེར་བྱས་པའི་མཐར་ཐུག་གི་དངོས་འབྲས་ནི་རྫོག
1747	50	1	STAGE2_MANUAL	མ་མཐོང་བའི་ཆོས་ཚེ་རབས་གཞན་དག་ལ་ཡང་གཟུགས་མཛེས་ཤིང་ལྟ་ན་སྡུག་པ
1750	41	1	STAGE2_MANUAL	དེ་ལ་ལེའུའི་འབྲེལ་ནི། དེ་ལྟར་བཟོད་པ་དང་ལྡན་ན་བརྩོན་འགྲུས་བརྩ
1764	42	1	STAGE2_MANUAL	འགྲེལ་ཆེན་ལས་ཀྱང༌། བརྩོན་འགྲུས་གང་ཞེ་ན། དགེ་བའི་ལས་སྦྱིན་པ་ལ
1768	70	1	STAGE2_MANUAL	ཞེས་གསུངས་ཏེ། འདི་ལྟར་བརྩོན་འགྲུས་ཀྱི་མི་མཐུན་ཕྱོགས་ནི་བྱ་བར
1771	101	1	STAGE2_MANUAL	ཞེས་གསུངས་ཏེ། སོས་དལ་དུ་སྡོད་པ་ཙམ་ལ་དགའ་བའི་སྙོམས་ལས་ལ་བདེ་བ
1773	43	1	STAGE2_MANUAL	དང་པོ་ལ་དྲུག སྐྱེས་པའི་ཕྱིར་འཆི་ངེས་པར་བསྟན། རང་གཞན་ཀུན་ཀྱང་
1776	62	1	STAGE2_MANUAL	ཞེས་གསུངས་ཏེ། དེ་ཡང་ཉོན་མོངས་པ་ཉ་པ་ལྟ་བུས་འདུས་བྱས་པའི་སྐྱེ་
1779	116	1	STAGE2_MANUAL	ཞེས་གསུངས་ཏེ། འོན་ཏེ་ཡིད་མི་ཆེས་ན་རང་དང་སྐྱེ་གནས་གཅིག་པའི་སྡ
1784	66	1	STAGE2_MANUAL	ཅེས་དང༌། རྒྱལ་པོ་གཟུགས་ཅན་སྙིང་པོ་ལ་གདམས་པའི་མདོ་ལས། རྒྱལ་པོ
1785	56	1	STAGE2_MANUAL	དེ་བཞིན་དུ་འཇིགས་པ་ཆེན་པོ་འདི་དག་འབྱུང་སྟེ། བཞི་གང་ཞེ་ན། རྒ་
1786	41	1	STAGE2_MANUAL	ཞེས་པ་ལྟར་བདག་ལ་འབྲོས་པའི་ལམ་ནི་མེད་ལ། འཆི་བདག་གིས་ནི་བདག་ལ་
1789	57	1	STAGE2_MANUAL	ཞེས་གསུངས་ཏེ། དེ་ལྟ་མོད་ཀྱི་ཚེ་ལ་ལོང་མེད་པའི་ཕྱིར། མྱུར་དུ་འ
1792	51	1	STAGE2_MANUAL	ཞེས་གསུངས་ཏེ། བྱ་བ་ཁ་ཅིག་ནི་མགོ་བརྩམས། ཁ་ཅིག་ནི་ཕྱེད་ཟིན་པ་ས
1796	135	1	STAGE2_MANUAL	ཞེས་གསུངས་ཏེ། དེའི་ཚེ་མཛའ་བཤེས་དང་འབྲལ་བར་ཤེས་ཏེ། རེ་ཐག་ཆད་པ
1797	45	1	STAGE2_MANUAL	གཉིས་པ་ཕྱི་མར་ངན་སོང་ལ་འཇིགས་པས་བསྐུལ་བ་ལ་བཞི། དམྱལ་བའི་སྡུག
1800	193	1	STAGE2_MANUAL	ཞེས་གསུངས་ཏེ། དེ་ཡང་ཁྱོད་ནི་འཆི་བ་ན་ཡང་གནད་གཅོད་ཀྱི་སྡུག་བསྔ
1807	183	1	STAGE2_MANUAL	ངན་སོང་དུ་ནི་སྡིག་པའི་ལས་ཀྱིས་ལུས་གཞོན་ཤ་ཅན་ཤིན་ཏུ་རྙི་བར་འག
1813	69	1	STAGE2_MANUAL	རྨོངས་པ་དུས་སུ་གཉིད་མ་ལྡོག། ཅེས་གསུངས་ཏེ། དེས་ན་དལ་འབྱོར་གྱི
1816	128	1	STAGE2_MANUAL	ཞེས་གསུངས་ཏེ། དུས་སྟོན་དང༌། གླུ་གར་དང༌། མགྲོན་དུ་བོད་པ་སོགས་
1828	119	1	STAGE2_MANUAL	ཞེས་གསུངས་ཏེ། བྱང་ཆུབ་ནི་བསོད་ནམས་ཅན་རྣམས་ཀྱིས་འཐོབ་ཀྱི་བདག་
1832	55	1	STAGE2_MANUAL	ཅེས་གསུངས་ཏེ། དེས་ན་སྦྲང་བུ་སོགས་ཀྱིས་ཀྱང་སེམས་སྐྱེད་པ་ཡོད་ན
1834	66	1	STAGE2_MANUAL	ཅེས་གསུངས་ཏེ། དེས་ན་བདག་ད་ལྟ་དལ་འབྱོར་གྱི་ལུས་ཐོབ་ལ། ཕན་གནོད
1839	169	1	STAGE2_MANUAL	ཅེས་གསུངས་ཏེ། དེ་ཡང་བྱང་ཆུབ་སྒྲུབ་པ་ནི་མགོ་དང་རྐང་ལག་ལ་སོགས་
1842	67	1	STAGE2_MANUAL	ཞེས་གསུངས་ཏེ། འདི་ལྟར་མ་སྤྱད་ན་འཁོར་བ་མཐའ་མེད་དུ་འཁྱམ་ཞིང་དེ
1846	107	1	STAGE2_MANUAL	ཞེས་གསུངས་ཏེ། དེ་ལྟར་ལྕི་ཡང་ལ་དཔྱད་ན་བྱང་ཆུབ་སྒྲུབ་པའི་སྡུག་
1849	68	1	STAGE2_MANUAL	ཅེས་གསུངས་ཏེ། དེ་ལྟ་མོད་ཀྱིས་རྫོགས་པའི་སངས་རྒྱས་ཀྱིས་ནི་གཏར་
1853	79	1	STAGE2_MANUAL	ཞེས་གསུངས་ཏེ། ངེས་པར་མགོ་ལ་སོགས་པ་གཏོང་དགོས་སོ་ཞེས་ཁྱབ་འཇུག་
1856	69	1	STAGE2_MANUAL	ཅེས་གསུངས་ཏེ། མཐར་ལུས་དང་ཚོད་མའང་མཉམ་པར་མཐོང་སྟེ། གཉི་ག་ལ་སེ
1857	41	4	newline-expand	སྡུག་དང་མི་སྡུག་ཀུན་ལ་ལྟ་བ་མེད་པ་ཡིན།།
མགོ་དང་རྐང་ལག་གཏོང་ཞི
1859	67	1	STAGE2_MANUAL	ཞེས་གསུངས་པ་ཡིན་གྱི་དུས་མིན་དུ་ལྕེབ་དགོས་པར་བསྟན་པ་མིན་ལ། དེ
1863	380	1	STAGE2_MANUAL	ཅེས་གསུངས་ཏེ། ཁ་ཅིག་བྱང་ཆུབ་སེམས་དཔའ་ནི་འཁོར་བར་བསྐལ་པ་མཐའ་ཡ
1866	126	1	STAGE2_MANUAL	ཞེས་གསུངས་ཏེ། དེས་ན་བསོད་ནམས་གཞལ་དུ་མེད་པ་སྐད་ཅིག་རེ་རེ་ལ་ཡང
1869	438	1	STAGE2_MANUAL	ཅེས་གསུངས་ཏེ། འདི་ལྟར་བྱང་ཆུབ་སེམས་དཔའ་གཅིག་ཁོ་ནས་ཆོས་ཐམས་ཅད
1873	92	1	STAGE2_MANUAL	ཞེས་གསུངས་ཏེ། དེས་ན་སྐྱོ་འཇིགས་ཐམས་ཅད་ལས་རྣམ་པར་རྒྱལ་བའི་བྱང
1879	140	1	STAGE2_MANUAL	ཞེས་གསུངས་ཏེ། རྒྱལ་པོ་ཆེན་པོ་རྣམས་དཔུང་ཚོགས་ཡན་ལག་བཞིས་ཕས་རྒ
1880	95	1	STAGE2_MANUAL	དེ་དག་གི་རྒྱུ་ཡང་སྡུག་བསྔལ་ལ་འཇིགས་པ་དང་བརྩོན་འགྲུས་ཀྱི་ཕན་ཡ
1891	154	1	STAGE2_MANUAL	ཞེས་གསུངས་ཏེ། དེ་ཡང་ཉེས་པ་དོར་བ་དང་ཡོན་ཏན་སྒྲུབ་པ་དེ་གཉིས་ཀྱ
1895	92	1	STAGE2_MANUAL	ཅེས་གསུངས་ཏེ། གལ་ཏེ་རང་རྒྱུད་ལ་ཉོན་མོངས་པ་བཅོམ་པ་སོགས་ཀྱི་ཡོ
1904	43	1	STAGE2_MANUAL	ཞེས་གསུངས་ཤིང༌། མོས་པ་ནི་དད་པ་ཉིད་ཡིན་ལ། དད་པ་ནི་ཐར་པའི་རྒྱུ
1905	42	1	STAGE2_MANUAL	གསུམ་པ་མོས་པ་སྐྱེ་བའི་རྒྱུ་ལ་བཞི། ལས་རྒྱུ་འབྲས་བསམ་པ་མོས་པའི
1908	75	1	STAGE2_MANUAL	ཞེས་གསུངས་ཏེ། དད་པའི་རྒྱུ་ནི་དཀར་ནག་གི་ལས་འབྲས་བསམ་པ་ཁོ་ན་ཡི
1917	87	1	STAGE2_MANUAL	ཞེས་གསུངས་ཏེ། དེས་ན་དགེ་བ་བྱེད་པ་ནི་གང་དུ་ཕྱིན་ཡང་བདེ་བ་འཐོབ
1918	259	1	STAGE2_MANUAL	གང་སྡིག་པ་མི་བཟད་པ་བྱས་པ་ནི་གང་དུ་ཕྱིན་ཡང་སྡུག་བསྔལ་བ་ཉིད་མྱ
1919	51	1	STAGE2_MANUAL	དེ་ལྟར་བསོད་ནམས་ཀྱི་ལས་ཀྱི་འབྲས་བུ་ཤིན་ཏུ་དཀར་བ་དང་བསོད་ནམས་
1922	81	1	STAGE2_MANUAL	ཞེས་གསུངས་ཏེ། བསོད་ནམས་ཀྱི་ལས་ཀྱིས་བདེ་བ་ཅན་ལ་སོགས་པ་དག་པའི་
1923	120	1	STAGE2_MANUAL	བཞི་པ་གཅིག་ཏུ་གནག་པའི་ལས་ཀྱི་འབྲས་བུ་བསྟན་པ་ནི། གཤིན་རྗེའི་ས
1926	63	1	STAGE2_MANUAL	ཞེས་གསུངས་ཏེ། དེས་ན་ལུས་སྲོག་ཙམ་ནི་འཁོར་བ་གང་དུ་སྐྱེས་ཀྱང་རྟ
1932	113	1	STAGE2_MANUAL	ཞེས་གསུངས་ཏེ། དེ་ཡང་སངས་རྒྱས་ཕལ་པོ་ཆེའི་རྡོ་རྗེ་རྒྱལ་མཚན་གྱི
1939	80	1	STAGE2_MANUAL	དེ་ལ་ཡང་བྱ་བ་གང་རྩོམ་ཡང་རུང་སྟེ། ཡུལ་དུས་དང་བདག་ཉིད་ཀྱི་འབྱོ
1944	60	1	STAGE2_MANUAL	དེ་ལ་བྱ་བ་གང་ཡང་མ་བརྩམས་པ་ནི་མཆོག་ཡིན་མོད་ཀྱང༌། གང་ཞིག་ཕན་ཡོ
1947	81	1	STAGE2_MANUAL	ཞེས་གསུངས་ཏེ། གལ་ཏེ་ཐོག་མར་བྱ་བར་བརྩམས་ལ། དེ་ནས་མ་སྒྲུབས་པར་
1952	42	1	STAGE2_MANUAL	ཞུགས་པ་ལ་བརྟན་པ་དེ་ཡང་གཉེན་པོའི་ང་རྒྱལ་གསུམ་གྱིས་སྒྲུབ་སྟེ། 
1960	144	1	STAGE2_MANUAL	ཞེས་གསུངས་ཏེ། དེ་ཡང་ཉོན་མོངས་པས་བྲན་དུ་བཀོལ་བའི་སེམས་ཅན་འདི་
1962	164	1	STAGE2_MANUAL	བདག་ལ་ང་རྒྱལ་མེད་པ་མཆོག། ཅེས་གསུངས་ཏེ། སེམས་ཅན་ཉོན་མོངས་པའི་
1965	85	1	STAGE2_MANUAL	ཅེས་གསུངས་ཏེ། ནུས་པའི་ང་རྒྱལ་སྒོམ་ཚུལ་ཡང༌། དཔེར་ན། བྱ་ཁྭ་རྣམ
1967	61	1	STAGE2_MANUAL	ཞེས་གསུངས་ཏེ། དེས་ན་བདག་འདྲ་བས་མི་ནུས་སོ་ཞེས་ཞུམ་ཞིང་སྒྱིད་ལ
1969	58	1	STAGE2_MANUAL	ཞེས་གསུངས་ཏེ། དེས་ན་སེམས་བརྟན་ཞིང་མི་གཡོ་བས་རང་རྒྱུད་ཀྱི་ཉེས
1971	88	1	STAGE2_MANUAL	ཞེས་གསུངས་ཏེ། ཆོས་ཐམས་ཅད་ནི་རང་གི་རྣམ་རྟོག་ཙམ་དུ་ཟད་པས་རྣམ་ར
1973	89	1	STAGE2_MANUAL	ཞེས་གསུངས་ཏེ། མི་གཙང་བ་ལ་གཙང་བར་འཁྲུལ་བ་ལྟ་བུའི་ཉོན་མོངས་པའི
1976	68	1	STAGE2_MANUAL	ཞེས་གསུངས་ཏེ། སྤང་བྱའི་ང་རྒྱལ་ནི་གཞོམ་པར་བྱ་དགོས་ཏེ། སེམས་ཅན
1979	97	1	STAGE2_MANUAL	ཉོན་མོངས་ཀྱི་ང་རྒྱལ་དེ་གང་ཞེ་ན། བདག་ཏུ་ཞེན་པ་ལས་སླར་བདག་ཉིད་
1982	41	4	newline-expand	གང་ཞིག་ང་རྒྱལ་དགྲ་ལས་རྒྱལ་ཕྱིར་ང་རྒྱལ་འཆང༌།།
དེ་ནི་ང་རྒྱལ་ཅན
1983	66	1	STAGE2_MANUAL	ཅེས་གསུངས་ཏེ། དེས་ན་ལས་ཉོན་གྱིས་མི་ཚུགས་ཤིང་ལས་ཉོན་ལས་ཀུན་ཏུ
1986	56	1	STAGE2_MANUAL	ཞེས་གསུངས་ཏེ། འོ་ན་ཉོན་མོངས་པ་འཇོམས་པའི་ང་རྒྱལ་ཇི་ལྟར་སྐྱེད་
1987	71	1	STAGE2_MANUAL	ཇི་ལྟར་ས་བོན་ཐམས་ཅད་ཀྱི་རྩ་བའང་ས་ཆེན་པོ་འདིའི་གཏིང་ཇི་སྲིད་པ
1988	89	1	STAGE2_MANUAL	དེས་ན་ས་གཞི་ལ་ས་བོན་མེད་ན་ཆུ་ལུད་ཁོ་ནས་ཅི་ཡང་སྐྱེད་མི་ནུས་པ་
1989	72	1	STAGE2_MANUAL	འདིའི་རིང་ནི་བདག་ཉིད་ཀྱིས་རྣམ་པ་སྟོང་དང་འབུམ་དང་བྱེ་བར་ཡང་དེ
1992	84	1	STAGE2_MANUAL	ཞེས་གསུངས་ཏེ། དང་པོར་གོ་ཆའི་བརྩོན་འགྲུས་ཀྱིས་མི་རྣམས་ཉམ་ང་བ་
1994	62	1	STAGE2_MANUAL	ཅེས་གསུངས་ཏེ། ཞེ་སྡང་ལ་བཤད་པ་དེ་བཞིན་དུ་འདོད་ཆགས་དང༌། ང་རྒྱལ
1997	73	1	STAGE2_MANUAL	ཞེས་གསུངས་ཏེ། ཇི་ལྟར་ལྷ་རྣམས་ཀྱང་སྐྱེད་མོས་ཚལ་དུ་འཇུག་ཅིང་འད
1999	133	1	STAGE2_MANUAL	ཞེས་གསུངས་ཏེ། མི་རྣམས་ཀྱི་གླུ་གར་གྱི་ཁྲོམ་དུ་འཇུག་པ་སོགས་ནི་
2001	87	1	STAGE2_MANUAL	ཞེས་གསུངས་ཏེ། སྒྲུབ་པ་ཙམ་ལྟ་སྨོས་ཀྱང་ཅི་དགོས་དགེ་བའི་ལས་དེས་
2003	144	1	STAGE2_MANUAL	ཞེས་གསུངས་ཏེ། དེ་ལྟ་བས་ན་བརྩམས་པའི་ལས་གང་ཡིན་པ་དེ་ཚར་ཕྱིན་པར
2006	204	1	STAGE2_MANUAL	ཞེས་གསུངས་ཏེ། གལ་ཏེ་ཧ་ཅང་ནན་ཏན་གྱིས་འབད་པས་ལུས་སེམས་ཀྱི་སྟོབ
2008	109	1	STAGE2_MANUAL	ཞེས་པ་ལ་འབྲུ་གཉིས་སུ་འགྱུར་ཏེ་དོར་བའི་དཔུང་ཉིད་དུ་བཤད་ན་ངལ་ག
2013	112	1	STAGE2_MANUAL	ཅེས་གསུངས་ཏེ། དེ་ཡང་དམག་གི་སྐྱེས་བུ་གཡུལ་དུ་ཤིན་ཏུ་གོམས་ཤིང་
2016	149	1	STAGE2_MANUAL	ཞེས་གསུངས་ཏེ། གཡུལ་དུ་རྩོད་པའི་ཚེ་རང་གི་རལ་གྲི་སར་བྲུལ་ན་མྱུ
2020	109	1	STAGE2_MANUAL	ཞེས་གསུངས་ཏེ། དེས་ན་དྲན་ཤེས་ཀྱིས་མ་ཟིན་པའི་གནས་སྐབས་ཁྲག་ལྟ་བ
2021	48	1	STAGE2_MANUAL	འོ་ན་དེ་ལ་ཡུངས་མར་གྱིས་ཁ་ད་ཆད་དུ་བཀང་བའི་སྣོད་ལག་ཏུ་བསྐུར་ལ།
2022	129	1	STAGE2_MANUAL	གལ་ཏེ་གཏན་མ་འབོ་ན་ཆད་པ་ལས་ཐར་རོ་ཞེས་གྱིས་ལ། དེའི་མདུན་དུ་གླུ
2026	146	1	STAGE2_MANUAL	ཞེས་གསུངས་ཏེ། དེ་ལྟར་དྲན་ཤེས་ཀྱིས་རྟག་པར་ཟིན་པ་ན་ཉོན་མོངས་པ་
2033	65	1	STAGE2_MANUAL	ཞེས་གསུངས་ཏེ། དེ་ཡང་ལས་རྣམས་ཀྱི་སྔོན་རོལ་དུ་རྩོམ་པ་ལ་བརྟན་པས
2036	78	1	STAGE2_MANUAL	ཞེས་གསུངས་ཏེ། ཇི་ལྟར་ཤིང་བལ་ཆུང་ངུ་ནི་རླུང་ཆུང་ངུས་ཀྱང་དབང་བ
2044	72	1	STAGE2_MANUAL	ཞེས་གསུངས་ཏེ། སེམས་རྣམ་པར་གཡེངས་ན་ཉོན་མོངས་པའི་དབང་དུ་འགྱུར་
2048	52	1	STAGE2_MANUAL	ཞེས་གསུངས་ཏེ། སྐྱེས་པ་དང་བུད་མེད་ལ་སོགས་པ་ནང་སེམས་ཅན་ལ་ཆགས་པ
2052	69	1	STAGE2_MANUAL	ཅེས་གསུངས་ཏེ། དེ་ཁོ་ན་ཉིད་ཤེས་པ་ནི་ལྷག་མཐོང་ངོ༌།། དེ་ལ་རྩེ་ག
2053	69	1	STAGE2_MANUAL	དེ་ཡང་དང་པོར་སྒྲུབ་སླ་བ་དང༌། ཕ་རོལ་ཏུ་ཕྱིན་པ་དྲུག་རིམ་འཇུག་ག
2064	101	1	STAGE2_MANUAL	ཅེས་གསུངས་ཏེ། དེ་ཡང་ཆགས་པ་པོ་རང་ཉིད་མི་རྟག་ཅིང་མྱུར་དུ་འཆི་ལ
2066	178	1	STAGE2_MANUAL	ཞེས་གསུངས་ཏེ། བུ་མོ་ཟླ་མཆོག་བུད་མེད་རིན་པོ་ཆེར་བཀུར་བ་མི་ལས་
2069	69	1	STAGE2_MANUAL	ཞེས་གསུངས་ཏེ། དེ་ལྟར་མོད་ཀྱི་འདོད་པའི་ཡོན་ཏན་ལ་ཞེན་པ་ནི་ལན་ཚ
2072	63	1	STAGE2_MANUAL	ཞེས་གསུངས་ཏེ། དེས་ནི་མི་རྟག་པའི་འདུ་ཤེས་ཙམ་སྐྱེ་བ་ལ་ཡང་གེགས་
2075	51	1	STAGE2_MANUAL	ཞེས་གསུངས་ཏེ། ཉིན་མཚན་རྟག་ཏུ་ཡང་འདོད་པའི་ཡུལ་སེམས་པ་དེས་དུས་
2078	80	1	STAGE2_MANUAL	ཞེས་གསུངས་ཏེ། འདུས་བྱས་ལ་ནི་འབྲལ་བ་ལས་གཞན་པའི་ཆོས་ཉིད་མེད་པའ
2079	75	1	STAGE2_MANUAL	དེས་ན་མེ་ལས་རྒྱང་རིང་དུ་བྱོལ་ན་འཚིག་པའི་སྡུག་བསྔལ་མི་འབྱུང་བ
2080	260	1	STAGE2_MANUAL	དེའི་ཕྱིར། ཞི་གནས་རྒྱུ་ནི་ཚུལ་ཁྲིམས་ལས་གཞན་མེད།། ཅེས་གསུངས་པ
2081	55	1	STAGE2_MANUAL	གཉིས་པ་བྱིས་པ་ནི་འགྲོགས་བྱ་མ་ཡིན་པར་བསྟན་པ་ལ་དྲུག ངན་འགྲོར་འ
2084	284	1	STAGE2_MANUAL	ཞེས་གསུངས་ཏེ། དེ་ལྟ་མོད་ཀྱི་བྱིས་པའི་གྲོགས་སམ་འཁོར་ཙམ་ཡང་ཐག་
2085	55	1	STAGE2_MANUAL	དེས་ནི་བྱིས་པ་དང་སྤྱོད་པའམ་སྐལ་བ་མཚུངས་པར་སྤྱད་ན་ནི་བྱིས་པ་ག
2088	95	1	STAGE2_MANUAL	ཞེས་གསུངས་ཏེ། དེ་ལྟ་མོད་ཀྱི་བྱིས་པའི་རྣམ་པར་ཐར་པ་ནི་འདི་དག་ཡ
2089	58	1	STAGE2_MANUAL	དོན་ཉམས་པར་བྱེད་པའི་བྱ་བ་མ་ཡིན་པ་ལས་ལྡོག་ཅིང་བྱ་བར་འོས་པའི་ལ
2091	76	1	STAGE2_MANUAL	ཅེས་གསུངས་ཏེ། ཕན་པ་ལ་སྦྱར་ན་ཁྲོ་ཞིང་མི་སྒྲུབ་པར་མ་ཟད་སྦྱོར་བ
2093	203	1	STAGE2_MANUAL	ཞེས་གསུངས་ཏེ། དེའི་ངག་མ་མཉན་ན་ཁྲོས་པས་ཚིག་རྩུབ་མོ་སྨྲ་ཞིང་ཞེ
2095	134	1	STAGE2_MANUAL	ཅེས་གསུངས་ཏེ། གཞན་ཡང་མཐོ་བ་དང༌། དམའ་བ་དང༌། བར་མར་རྟོག་པ་ནི་ན
2096	45	1	STAGE2_MANUAL	ཁ་ཅིག་བདག་དང་མཉམ་པར་ཐོས་ན་བུས་པ་ལུས་བོངས་འགྲན་པ་ན་རྐང་འོག་ཏུ
2097	67	1	STAGE2_MANUAL	ཆེ་གེ་ཞིག་བདག་ལས་དམན་པར་ཐོས་སམ་མཐོང་ན་དེ་ལ་བརྙས་ཤིང་ཁྱད་དུ་ག
2098	70	1	STAGE2_MANUAL	གལ་ཏེ་ཡོན་ཏན་གྱི་ཆ་ཅུང་ཟད་ཙམ་ཡོད་པ་ལ་སྒྲོ་བཏགས་པས་བསྟོད་ཀྱང་
2099	71	1	STAGE2_MANUAL	གལ་ཏེ་བདག་ལ་ཡོད་པའི་སྐྱོན་ནས་བརྗོད་པའམ་མེད་པའི་སྐྱོན་ནས་བརྗོ
2105	153	1	STAGE2_MANUAL	ཅེས་གསུངས་ཏེ། མགུ་བ་དང་ཁྲོ་བ་གང་སྣང་ཡང་ཆུ་ཚོད་གཅིག་ཙམ་དུ་ཡང་
2108	160	1	STAGE2_MANUAL	ཞེས་གསུངས་ཏེ། བདག་ཀྱང་ད་ལྟ་ཡོན་ཏན་གྱི་མཐུ་མ་རྫོགས་ཏེ་མར་མེ་ར
2111	158	1	STAGE2_MANUAL	ཞེས་གསུངས་ཏེ། གལ་ཏེ་བྱིས་པ་འགའ་ཞིག་སྟེས་དབང་གིས་འགྲོགས་དགོས་
2114	147	1	STAGE2_MANUAL	ཞེས་གསུངས་ཏེ། སོ་སྐྱེའི་སྤྱོད་པ་ཅན་གྱི་པཎྜི་ཏ་ལ་སོགས་ལས་ཆོས་
2117	64	1	STAGE2_MANUAL	ཞེས་བཤད་པ་ལྟར་ཆོས་ཐམས་ཅད་ནི་སྐད་ཅིག་མ་ཁོ་ནར་ཟད་ལ། སྔ་མ་ཡང་གཞ
2118	49	1	STAGE2_MANUAL	གཉིས་པ་རྙེད་སོགས་ལ་མ་ཆགས་པ་སྒྲུབ་པ་ལ་ལྔ། རྙེད་སོགས་ཀྱིས་ཕྱི་
2123	65	1	STAGE2_MANUAL	བདག་གི་ཡོན་ཏན་གྱི་ཁྱད་པར་བདེན་པའམ་བརྫུན་པ་ཡང་རུང་སྟེ་སྐྱེ་བོ
2127	54	1	STAGE2_MANUAL	བདེན་པའམ་མི་བདེན་པའི་སྐྱོན་ནས་བརྗོད་པ་ནི་སྨད་པ་སྟེ། ཆོས་བརྒྱ
2132	175	1	STAGE2_MANUAL	ཞེས་གསུངས་ཏེ། དེའི་ཕྱིར་བདག་ཉིད་རྣམ་ཐོས་ཀྱི་བུའི་ལོངས་སྤྱོད་
2134	85	1	STAGE2_MANUAL	ཞེས་པ་ལྟར། རྙེད་བཀུར་ཇི་ཙམ་འཕེལ་བ་དེ་ཙམ་བརྒྱ་སྟོང་དུ་བསྒྱུར་
2140	64	1	STAGE2_MANUAL	ཞེས་གསུངས་ཏེ། དེའི་ཚེ་བདག་གི་རྙེད་བཀུར་དང༌། བསྟོད་གྲགས་དེ་དག
2143	292	1	STAGE2_MANUAL	ཅེས་གསུངས་ཏེ། ཁྱད་པར་བསྟོད་སྨད་ནི། སྒྲ་ཙམ་དང༌། མིང་ཚིག་དང༌། 
2147	217	1	STAGE2_MANUAL	ཞེས་གསུངས་ཏེ། དེ་ཡང་སེམས་ཅན་རྣམས་ནི་བསམ་པ་སྣ་ཚོགས་པས་མོས་པ་ཐ
2149	65	1	STAGE2_MANUAL	ཞེས་དང༌། འདིའི་སྒྱུ་མས་འཇིག་རྟེན་སླུས་སོ་ཞེས་སོགས་ཀྱང་སྒྲོག་
2155	42	1	STAGE2_MANUAL	ཞེས་པ་ལྟ་བུ་ཁོ་ན་ཡིན་ཏེ། དཔེར་ན། ཚེར་མ་དང་ཟྭ་ཚོད་ནི་རང་བཞིན་
2158	251	1	STAGE2_MANUAL	ཞེས་གསུངས་ཏེ། བྱིས་པ་དེ་དག་གིས་བདག་ཉིད་ཀྱི་དོན་གྱི་མཆོག་ཚད་མ
2167	120	1	STAGE2_MANUAL	ཞེས་གསུངས་ཏེ། དེ་ཡང་གང་ན་ལྗོན་ཤིང་གི་ཚོགས་པ་ཡོད་པ་ལ་ནགས་ཚལ་ཞ
2168	42	1	STAGE2_MANUAL	དེ་དག་ན་ནི་སྐྱེ་བོའི་རྒྱུན་ལུགས་ཀྱིས་དབེན་པས་བྱ་དང་རི་དྭགས་ད
2169	107	1	STAGE2_MANUAL	ཅི་དེ་དག་ན་གཅན་གཟན་གཏུམ་པོ་དག་ཡོད་པས་དེ་དག་ནི་འགྲོགས་ན་བདེ་བ
2173	142	1	STAGE2_MANUAL	ཞེས་གསུངས་ཏེ། དེ་དག་ཏུ་བྲག་གི་ཕུག་གམ་བྱ་སྐྱིབས་སོགས་དང༌། སྔོ
2176	118	1	STAGE2_MANUAL	ཞེས་གསུངས་ཏེ། ནང་པའི་རབ་བྱུང་ལ་ལྷུང་བཟེད་དང༌། དཀའ་ཐུབ་པ་གཞན་
2179	56	1	STAGE2_MANUAL	ཞེས་གསུངས་པ་ལྟར་སྤྱོད་ཅིང༌། དབེན་པའི་གནས་དེ་ལྟ་བུ་ན་ནི་རང་ཉི
2180	43	1	STAGE2_MANUAL	དེ་ལྟར་གནས་སུའི་ཡང་མ་ཡིན་པ་རྣམས་སུ་ཟས་གོས་གང་བྱུང་གིས་ཆོག་ཤེ
2185	74	1	STAGE2_MANUAL	ཞེས་གསུངས་ཏེ། དགོན་པའི་གནས་དེ་དག་ནི་དུར་ཁྲོད་དང་ཡང་མི་རིང་བ་
2187	44	1	STAGE2_MANUAL	ཞེས་གསུངས་ཏེ། ལུས་མཛེས་ཤིང་བྱི་དོར་བྱས་པ་རྣམས་ཀྱང་གཅེར་བུར་ཕ
2189	42	1	STAGE2_MANUAL	ཞེས་གསུངས་ཏེ། འདི་ལྟར་ལྷན་ཅིག་ཏུ་བྱུང་བའི་ཤ་རུས་ཀྱང་འགྱེས་ཤི
2191	91	1	STAGE2_MANUAL	ཞེས་གསུངས་ཏེ། རོའི་རྗེས་སུ་འབྲང་བའི་བུ་ལ་སོགས་པ་དག་མྱ་ངན་དང་
2193	68	1	STAGE2_MANUAL	ཞེས་གསུངས་ཏེ། མགྲོན་པོ་རྣམས་ལམ་དུ་ཞུགས་པ་ན་ཞག་སའི་གནས་སྔ་མ་ས
2196	128	1	STAGE2_MANUAL	ཞེས་གསུངས་ཏེ། དེས་ན་ལུས་སྙིང་པོ་མེད་པ་དང༌། ཚེ་ངེས་པ་མེད་པ་དང
2201	75	1	STAGE2_MANUAL	ཅེས་གསུངས་པ་ལྟར། འཆི་བ་ནི་གར་ཡང་འབྱུང་མོད་ཀྱང་འཆི་ཚུལ་ལ་ཁྱད་
2202	155	1	STAGE2_MANUAL	དབེན་པར་ཤི་བ་ནི་དེ་ལྟ་བུ་མ་ཡིན་ཏེ་དགྲ་གཉེན་སུ་ཡང་མེད་པས་ཆགས་
2204	94	1	STAGE2_MANUAL	ཞེས་གསུངས་ཏེ། དེས་ན་རྣམ་པར་གཡེང་བ་ཐམས་ཅད་དོར་ཏེ་སྐྱེ་བོའི་རྒ
2212	86	1	STAGE2_MANUAL	འདིར་དོགས་པའི་གནས་འདི་ཡོད་དེ། ཤེར་ཕྱིན་གྱི་མདོ་ལས། སེམས་དབེན
2213	41	4	newline-expand	གང་ཞིག་དཔག་ཚད་ལྔ་བརྒྱ་ཡོད་པའི་རི་ཡི་སུལ།།
སྦྲུལ་གྱི་གང་བར་ལོ
2217	41	4	newline-expand	རྟག་ཏུ་གྲོང་དང་ཡུལ་འཁོར་གྲོང་རྡལ་གནས་བྱེད་ཅིང༌།།
སེམས་ཅན་སྨི
2218	69	1	STAGE2_MANUAL	ཞེས་བྱང་ཆུབ་ཀྱི་སེམས་དང་མ་བྲལ་བ་ལ་སེམས་ཀྱི་དབེན་པར་གསུངས་ནས་
2228	101	1	STAGE2_MANUAL	ཞེས་གསུངས་ཏེ། དེ་ཡང་དབེན་པའི་ཡོན་ཏན་དེ་ལྟ་བུ་རིག་ནས་འཇིག་རྟེ
2230	96	1	STAGE2_MANUAL	ཕ་རོལ་ཏུ་ནི་དམྱལ་སོགས་འགྲུབ།། ཅེས་གསུངས་ཏེ། ཅིའི་ཕྱིར་འདོད་པ
2237	223	1	STAGE2_MANUAL	ཅི་ཕྱིར་མྱ་ངན་འདས་མི་འགྲོ། ཞེས་གསུངས་ཏེ། ཅི་འདོད་པའི་ཁམས་ཀྱི
2238	61	1	STAGE2_MANUAL	སེམས་ཅན་འདི་དག་བདག་གམ་བདག་གི་བ་ལ་ཞེན་ཞིང་ཆགས་པར་ནི་མཐོང་མོད་
2239	71	1	STAGE2_MANUAL	གཉིས་པ་བྱ་གཅན་གྱི་ཁ་ཟས་སུ་ལྟ་བ་ནི། གང་ཞིག་དང་པོ་འབད་དེ་བཏེག།
2241	70	1	STAGE2_MANUAL	ཞེས་གསུངས་ཏེ། རྒྱ་གར་ན་ཡུལ་བཅོམ་བརླག་པ་རྣམས་རིགས་ཀྱི་བུད་མེད
2243	160	1	STAGE2_MANUAL	ཅེས་གསུངས་ཏེ། དེ་ཙམ་གྱིས་འདོད་པ་དག་ནི་ཚྭ་ཆུ་འཐུངས་པ་འདྲ་བའི་
2245	67	1	STAGE2_MANUAL	ཞེས་གསུངས་ཏེ། སྔོན་ནི་སྐྱེས་པ་གཞན་གྱིས་མིག་ཟུར་ཙམ་ལྟ་བ་ལ་ཡང་
2247	103	1	STAGE2_MANUAL	ཅེས་གསུངས་ཏེ། གལ་ཏེ་ཤི་བའི་རོ་ནི་བྱ་གཅན་གྱིས་ཟ་བ་འཇིག་རྟེན་ན
2251	123	1	STAGE2_MANUAL	ཅེས་གསུངས་ཏེ། སྔོན་ཆགས་པའི་གནས་ཡིན་ཡང་རོའི་གནས་སྐབས་སུ་འཇིགས
2255	81	1	STAGE2_MANUAL	ཞེས་གསུངས་ཏེ། དེ་ལྟ་མོད་ཀྱི་ཆགས་པས་ཤིན་ཏུ་རྨོངས་པ་ཁྱོད་ནི་ཆག
2258	74	1	STAGE2_MANUAL	ཅེས་གསུངས་ཏེ། གལ་ཏེ་རེག་བྱ་འཇམ་པ་དང་རྙི་བ་ཙམ་འདི་ལ་དགའ་འོ་ཞེ
2260	321	1	STAGE2_MANUAL	ཅེས་གསུངས་ཏེ། གལ་ཏེ་བཤང་གཅི་ནི་མི་གཙང་ཞིང་དྲི་ང་བས་མི་འདོད་ད
2262	58	1	STAGE2_MANUAL	ཅེས་གསུངས་ཏེ། ཁྱོད་ཉིད་ཀྱི་ལུས་ཀྱང་འདི་ཁོ་ན་སྟེ་མི་གཙང་བ་ཐམས
2264	67	1	STAGE2_MANUAL	ཅེས་གསུངས་ཏེ། ཡང་ཤའི་རེག་བྱ་འཇམ་པ་འདོད་ཀྱི་ཤིང་བལ་གྱི་འཇམ་པོ
2266	81	1	STAGE2_MANUAL	ཞེས་གསུངས་ཏེ། ཡང་སེམས་དང་བཅས་པའི་ཤ་ལ་རེག་པར་འདོད་ཀྱི་སེམས་མེ
2268	93	1	STAGE2_MANUAL	ཞེས་གསུངས་ཏེ། དེ་ལྟ་མོད་ཀྱི་གཞན་གྱི་ལུས་ཀྱི་མི་གཙང་བ་མི་ཤེས་
2273	54	1	STAGE2_MANUAL	ཅེས་གསུངས་ཏེ། བཤང་གཅི་དང་ངར་སྣབས་སོགས་ཅུང་ཟད་ལྷུང་བའི་ས་ཕྱོག
2276	101	1	STAGE2_MANUAL	ཅེས་གསུངས་ཏེ། ས་ཕྱོགས་མི་གཙང་བས་ཅུང་ཟད་གོས་པ་འདོར་བ་འདི་དང་མ
2280	50	1	STAGE2_MANUAL	ཞེས་གསུངས་ཏེ། རིགས་པ་གཞན་ཡང་ག་པུར་དང་ཙནྡན་ལ་སོགས་པ་དྲི་ཞིམ་པ
2284	50	1	STAGE2_MANUAL	ཞེས་གསུངས་ཏེ། དང་པོར་པགས་པའི་ཁ་ཕྱེ་སྟེ་དབྲལ་བ་ཙམ་གྱིས་ཀྱང་དམ
2287	106	1	STAGE2_MANUAL	ཅེས་གསུངས་ཏེ། གལ་ཏེ་དྲི་བྱུགས་ཤིང་རྒྱན་གྱིས་བརྒྱན་པ་ལ་ཆགས་སོ
2293	93	1	STAGE2_MANUAL	ཅེས་ཀྱང་དགོངས་པ་སྟེ། གསེར་དང༌། བཻཌཱུརྱ་དང༌། མུ་ཏིག་ལ་སོགས་པའ
2296	146	1	STAGE2_MANUAL	ཅེས་གསུངས་ཏེ། དེ་ལྟར་ཁྲུས་དང་གོས་དང་དྲི་དང་རྒྱན་དང་བཅས་པའི་ཚ
2299	86	1	STAGE2_MANUAL	ཞེས་གསུངས་ཏེ། དེ་ལྟར་དུར་ཁྲོད་དུ་ཕྱིན་པས་རུས་གོང་གི་ཚོགས་ཀྱི
2302	113	1	STAGE2_MANUAL	ཞེས་གསུངས་ཏེ། དེ་ལྟར་བརྟགས་ན་འཇིགས་སུ་རུང་བ་དང་མི་གཙང་བའི་བུ
2307	430	1	STAGE2_MANUAL	ལོངས་སྤྱོད་ཡོད་ཀྱང་བྱིས་པའི་ཚེ་ན་ནི་ཤེད་མ་བྱེ་བས་གསོག་པ་དང་ས
2311	150	1	STAGE2_MANUAL	ཞེས་གསུངས་ཏེ། ཁ་ཅིག་ཚོང་དང་ནོར་བུ་ལེན་པའི་ཕྱིར་རྒྱ་མཚོར་འཇུག
2313	66	1	STAGE2_MANUAL	ཞེས་གསུངས་ཏེ། བྲན་ཁ་ཅིག་རང་གི་ལུས་བཙོངས་པས་འཚོ་བར་བྱེད་ཅིང་ད
2321	83	1	STAGE2_MANUAL	ཞེས་གསུངས་ཏེ། མདོར་ན་ལོངས་སྤྱོད་རྣམས་ནི་མཐོང་བའི་ཆོས་འདི་ལ་ཡ
2324	191	1	STAGE2_MANUAL	ཞེས་གསུངས་ཏེ། དེས་ན་ཕྱི་ནང་གི་འདོད་པ་རྣམས་ལ་ནི་དེ་དག་ལ་སོགས་
2327	312	1	STAGE2_MANUAL	ཞེས་གསུངས་ཏེ། རྙེད་པ་དང་བཀུར་སྟི་དང་ཟས་གོས་གནས་མལ་འཁྲིག་པ་སོ
2329	46	1	STAGE2_MANUAL	ཅེས་གསུངས་ཏེ། དེས་ན་མིའི་རྟེན་ལ་སྒྲུབ་པར་ནུས་ཤིང་ལྷ་དང་ཀླུ་ད
2334	79	1	STAGE2_MANUAL	དེ་ལྟར་གནས་སྐབས་སུ་སྡུག་བསྔལ་ཞིང་འབྲས་བུ་འཇིགས་སུ་རུང་བའི་ནོ
2336	161	1	STAGE2_MANUAL	ཅེས་གསུངས་ཏེ། འཆི་བ་དང་ལུས་འཇིགས་པའི་སྡུག་བསྔལ་སྐྱེས་པ་ལ་བསམ
2338	235	1	STAGE2_MANUAL	ཞེས་ལན་གཉིས་སུ་བཀའ་བསྩལ་པ། མི་ཞིག་གིས་ཐོས་ནས་སྦྲུལ་གདུག་དྲག་
2346	59	1	STAGE2_MANUAL	ཅེས་བུད་མེད་སེར་སྐྱ་མོ་ཞེས་བྱ་བ་ཞིག་ནམ་སྟོད་ལ་སྐྱེས་པ་འོང་དུ
2347	300	1	STAGE2_MANUAL	ཆུ་སྐྱར་ཞིག་གིས་ཉ་ཆེན་པོ་མགུལ་བར་མི་ཆུད་པ་ཞིག་ཁྱེར་བས་ཆུ་སྐྱ
2352	66	1	STAGE2_MANUAL	འདོད་ཆགས་ཀྱིས་ནི་ཡི་དྭགས་དུད་འགྲོར་འགྲོ། ཞེས་གསུངས་པ་ལྟར། འད
2357	418	1	STAGE2_MANUAL	ཅེས་གསུངས་ཏེ། འདི་ལྟར་གནས་པ་ནི་རྒྱལ་པོ་རྒྱལ་སྲིད་ལ་སྤྱོད་པའི
2362	201	1	STAGE2_MANUAL	ཞེས་གསུངས་ཏེ། མིའི་རྒྱལ་པོ་ལྟ་ཞོག་བརྒྱ་བྱིན་གྱི་བདེ་བ་ལས་ཀྱང
2364	97	1	STAGE2_MANUAL	ཞེས་སྨྲས་པས་བརྒྱ་བྱིན་ལ་བྱིན་པ་ལྟ་བུ་ཆགས་པས་སེམས་ཆོག་མི་ཤེས་
2370	110	1	STAGE2_MANUAL	ཞེས་གསུངས་ཏེ། དེ་ཡང་དབེན་པའི་ཕན་ཡོན་དང་གཡེང་བའི་ཉེས་དམིགས་ཇི
2372	44	1	STAGE2_MANUAL	ཞེས་གསུངས་ཏེ། དེས་ན་བྱང་ཆུབ་ཀྱི་སེམས་ཁོ་ན་བསྒོམ་པར་བྱ་ལ་དེའི
2374	121	1	STAGE2_MANUAL	ཞེས་གསུངས་ཏེ། ཇི་ལྟར་སྒོམ་ན་བདག་ཉིད་བདེ་བ་འདོད་ཅིང་སྡུག་བསྔལ
2379	154	1	STAGE2_MANUAL	ཐམས་ཅད་བདག་བཞིན་བདེ་བ་འདོད་མཉམ་གཅིག། ཅེས་གསུངས་ཏེ། ཅིའི་ཕྱིར
2382	25	2	citation-split	དེ་བཞིན་གཞན་གྱི་སྡུག་བསྔལ་དག།
བདག་ལ་འབབ་པར་མི་འགྱུར་ཡང༌།།
དེ
2383	137	1	STAGE2_MANUAL	ཞེས་གསུངས་ཏེ། གལ་ཏེ་གཞན་སྡུག་བསྔལ་ན་བསྔལ་དུ་ཟད་མོད་དེས་བདག་ལ
2384	63	1	STAGE2_MANUAL	གཉིས་པ་སྒོམ་ཚུལ་དངོས་ལ་བརྒྱད། ཇི་ལྟར་སྒོམ་པ་བཤད་པ། དེའི་རྒྱུ
2387	44	1	STAGE2_MANUAL	ཞེས་གསུངས་ཏེ། དེ་རིགས་པས་སྒྲུབ་པའི་ཕྱིར། གཞན་གྱི་ན་བའི་སྡུག་
2393	59	1	STAGE2_MANUAL	ཅེས་གསུངས་ཏེ། ཐམས་ཅད་རང་ལ་བདེ་བ་འདོད་ཅིང་སྡུག་བསྔལ་མི་འདོད་པ
2396	46	1	STAGE2_MANUAL	ཞེས་གསུངས་ཏེ། གལ་ཏེ་གཞན་གྱི་སྡུག་བསྔལ་སེལ་མི་དགོས་ཏེ་བདག་ལ་ད
2399	213	1	STAGE2_MANUAL	ཞེས་གསུངས་ཏེ། གལ་ཏེ་མ་འོངས་པའི་སྡུག་བསྔལ་དེས་བདག་ལ་ད་ལྟར་མི་
2402	79	1	STAGE2_MANUAL	ཞེས་གསུངས་ཏེ། གཞན་ཡང་རང་གིས་རང་གི་སྡུག་བསྔལ་སེལ་རིགས་ཀྱི་གཞན
2405	56	1	STAGE2_MANUAL	ཅེས་གསུངས་ཏེ། གལ་ཏེ་དེ་དག་དཔྱད་ན་མི་རིགས་ཀྱང་བདག་དང་བདག་གིར་
2408	144	1	STAGE2_MANUAL	ཞེས་གསུངས་ཏེ། གལ་ཏེ་བདག་ལུས་སོ་སོ་བ་སོགས་ལ་དཔྱད་ན་མེད་ཀྱང་ལུ
2413	187	1	STAGE2_MANUAL	ཞེས་གསུངས་ཏེ། དེས་ན་ཡང་དག་པར་ན་བདག་མི་དམིགས་པས་ལྟོས་ཟླ་གཞན་ཡ
2414	42	1	STAGE2_MANUAL	གསུམ་པ་རྩོད་སྤང་ལ་གསུམ། ཐམས་ཅད་ཀྱི་སྡུག་བསྔལ་ཟློག་མི་དགོས་པའ
2417	48	1	STAGE2_MANUAL	ཞེས་གསུངས་ཏེ། དེས་ན་སེམས་ཅན་ཐམས་ཅད་ཀྱི་སྡུག་བསྔལ་ཟློག་མི་རིག
2420	58	1	STAGE2_MANUAL	ཞེས་གསུངས་ཏེ། གལ་ཏེ་བདག་གི་སྡུག་བསྔལ་ཟློག་ན་སྙིང་རྗེ་སྒོམ་མི
2423	90	1	STAGE2_MANUAL	ཅེས་གསུངས་ཏེ། སྤྱིར་སྡུག་བསྔལ་ཡིན་ཡང་རང་གི་ད་ལྟའི་སྡུག་བསྔལ་
2425	74	1	STAGE2_MANUAL	ཞེས་གསུངས་ཏེ། དེས་ན་སྔོན་དེ་བཞིན་གཤེགས་པ་རིན་ཆེན་པད་ཟླ་མངོན་
2426	139	1	STAGE2_MANUAL	དེའི་ལྷའི་མིག་གིས་བལྟས་ན་སངས་རྒྱས་ཀྱི་ཞིང་སྣ་ཚོགས་ནས་སེམས་ཅན
2427	323	1	STAGE2_MANUAL	ཉིན་བདུན་པ་ལ་རྒྱལ་པོ་དེ་བུ་དང་བུ་མོ་ལྔ་བརྒྱ་རེ་དང་བཙུན་མོའི་
2428	42	1	STAGE2_MANUAL	དེས་ན་ཆོས་སྨྲ་བ་དེས་གཞན་མང་པོའི་སྡུག་བསྔལ་ཟད་པར་བྱ་བའི་ཕྱིར་
2429	41	1	STAGE2_MANUAL	གསུམ་པ་ཕན་ཡོན་ལ་བཞི། གཞན་གྲོལ་བར་བྱེད་པའི་ཕན་ཡོན་དངོས་བཤད། ར
2432	50	1	STAGE2_MANUAL	ཞེས་གསུངས་ཏེ། དེ་ལྟར་ཀུན་རྫོབ་ཏུ་བདག་གཞན་མཉམ་པ་དང་དོན་དམ་དུ་
2436	42	1	STAGE2_MANUAL	དེ་ལྟར་ཤིན་ཏུ་ཡང་རིགས་ཏེ་སུ་ཡང་སྒྲོལ་བར་མི་བྱེད་པའི་གྲུ་ལ་སྙ
2439	79	1	STAGE2_MANUAL	ཅེས་གསུངས་ཏེ། དེ་ལྟར་ཉིན་རེས་ཀྱང་སེམས་ཅན་མཐའ་ཡས་པ་སྒྲོལ་བར་བ
2446	147	1	STAGE2_MANUAL	ཞེས་གསུངས་ཏེ། དེ་ཡང་བདག་མེད་སྒོམ་པ་ནི་ཆོས་ཀྱི་མཆོག་ཡིན་ལ་བདག
2449	54	1	STAGE2_MANUAL	དེ་ཡང་གཞན་ཕའི་ཁུ་བ་དང་མའི་ཁྲག་གི་ཐིགས་པ་འདྲེས་པའི་གོང་བུ་སྨི
2451	64	1	STAGE2_MANUAL	ཅེས་གསུངས་ཏེ། སེམས་ཁྱོད་ཀྱིས་སེམས་ཅན་གཞན་འདི་རྣམས་ལ་ཡང་བདག་ཏ
2456	41	1	STAGE2_MANUAL	དང་པོ་ལ་དྲུག གོམས་ན་གཞན་ལ་ཡང་བདག་གི་བློ་སྐྱེ་ནུས་པར་བསྟན། དེ
2459	93	1	STAGE2_MANUAL	ཅེས་གསུངས་ཏེ། གལ་ཏེ་གཞན་མང་པོ་ཡིན་ན་དེ་དང་བདག་གཅིག་པུ་རྗེ་བར
2462	45	1	STAGE2_MANUAL	ཞེས་གསུངས་ཏེ། དེ་ལན་གཅིག་སྐྱེས་པས་ཆོག་གམ་སྙམ་ན་ཡང་ཡང་གོམས་པར
2465	82	1	STAGE2_MANUAL	ཞེས་གསུངས་ཏེ། དེ་ལྟར་སྔར་གཞན་དུ་བཟུང་བ་དེ་ཁོ་ན་ལ་གཅེས་པར་འཛི
2468	91	1	STAGE2_MANUAL	ཞེས་གསུངས་ཏེ། གོམས་པ་དེ་ཡང་དང་པོར་མེ་ཆུང་ངུ་ནས་གསོ་བ་ལྟར་ཆུང
2471	93	1	STAGE2_MANUAL	ཞེས་གསུངས་ཏེ། འགྲོ་བའི་སྡུག་བསྔལ་ཆུང་ངུ་ནས་བསལ་དགོས་ཤིང་སེལ་
2472	147	1	STAGE2_MANUAL	བདག་གི་མིང་གང་གིས་ཐོས་པ་ལ་ངན་འགྲོའི་འཇིགས་པ་མེད་པ་དང༌། མི་ཁོ
2473	46	1	STAGE2_MANUAL	ཞེས་གསུངས་ཤིང༌། གཞན་ཡང་བརྩོན་དུ་བཅིངས་པས་དེའི་མཚན་དྲན་ན་སྒྲོ
2474	48	1	STAGE2_MANUAL	དེས་ན་འཁོར་གྱིས་བག་ཚ་བའི་འཇིགས་པ་ཙམ་ལས་ཀྱང་སྐྱོབ་པར་སྨོན་ལམ་
2477	109	1	STAGE2_MANUAL	ཞེས་གསུངས་ཏེ། གཞན་ལ་གཅེས་པར་འཛིན་པ་ནི་དཀའོ་སྙམ་ན་མི་དཀའ་སྟེ།
2478	76	1	STAGE2_MANUAL	དེས་ན་རིགས་དེ་གསལ་གདབ་པར་ནུས་པའི་ཕྱིར་དང་ཆོས་ཐམས་ཅད་ནི་གོམས་
2484	170	1	STAGE2_MANUAL	སྙིང་རྗེའི་བློ་ཅན་སེམས་ཅན་ཐམས་ཅད་བསྐྱབ་པར་འདོད་པ་དེས་ཀྱང་འདི
2488	193	1	STAGE2_MANUAL	ཅེས་གསུངས་ཏེ། བློ་ཆུང་ངུ་ཁ་ཅིག་བདག་གི་ལུས་ནི་ཤིན་ཏུ་གཅེས་པས་
2493	53	1	STAGE2_MANUAL	དཀོན་མཆོག་གི་དཀོར་རྐུ་ཞིང་འཕྲོག་པ་སོགས་ལྕི་བའི་སྡིག་པ་བྱེད་ལ
2499	49	1	STAGE2_MANUAL	ཞེས་གསུངས་ཏེ། དེའི་ཕྱིར་འདི་གཞན་ལ་བྱིན་ན་དེའི་འོག་ཏུ་བདག་ཅི་
2500	140	1	STAGE2_MANUAL	གལ་ཏེ་འདི་བདག་ཉིད་ཀྱིས་ལོངས་སྤྱད་ན་གཞན་ལ་ཅི་ཞིག་སྦྱིན་ཞེས་སེ
2501	55	1	STAGE2_MANUAL	གསུམ་པ་བརྗེས་པའི་ཕན་ཡོན་དང་མ་བརྗེས་པའི་ཉེས་དམིགས་ལ་ལྔ། བདག་ག
2504	120	1	STAGE2_MANUAL	ཅེས་གསུངས་ཏེ། མདོར་ན་བདག་ཉིད་གཅེས་པར་བཟུང་བ་ཁོ་ནས་མཐོང་བ་དང་
2508	138	1	STAGE2_MANUAL	ཞེས་གསུངས་ཏེ། བདག་གི་དོན་དུ་གཞན་བྲན་དུ་བཀོལ་བ་སོགས་ནི་ད་ལྟ་མ
2509	71	1	STAGE2_MANUAL	འདི་ནི་མཐོང་ཆོས་ལ་ཡང་འབྱུང་བ་ཡོད་དེ། ཞིང་དཔོན་མང་བཀུར་གྱི་རྒ
2511	183	1	STAGE2_MANUAL	ཞེས་གསུངས་ཏེ། མདོར་ན་འཇིག་རྟེན་ན་བདེ་བ་ཇི་སྙེད་པ་ནི་གཞན་བདེ་
2513	54	1	STAGE2_MANUAL	ཞེས་གསུངས་ཏེ། མདོར་ན་མང་དུ་བཤད་ཅི་དགོས་ཏེ་བྱིས་པ་རྣམས་རང་དོན
2516	52	1	STAGE2_MANUAL	ཅེས་གསུངས་ཏེ། དེས་ན་བདག་གི་བདེ་བ་གཞན་ལ་གཏོང་ཞིང་གཞན་གྱི་སྡུག
2517	182	1	STAGE2_MANUAL	སངས་རྒྱས་མ་ཐོབ་ཀྱང་ཉན་རང་གི་ཐར་པ་ཡོད་དོ་སྙམ་ན། གནས་སྐབས་ཐེག་
2520	60	1	STAGE2_MANUAL	ཞེས་གསུངས་ཏེ། དེ་ལྟ་མོད་ཀྱི་འཇིག་རྟེན་ཕ་རོལ་ལྟ་ཞོག་མཐོང་ཆོས་
2526	58	1	STAGE2_MANUAL	ཞེས་གསུངས་ཏེ། དེས་ན་ཉེས་སྐྱོན་ཐམས་ཅད་ནི་བདག་གཅེས་འཛིན་ལས་བྱུ
2533	72	1	STAGE2_MANUAL	ཞེས་གསུངས་ཏེ། དེ་ལྟ་བས་ན་བདག་གཞན་ཐམས་ཅད་ཀྱི་ཉེས་པ་དང་སྡུག་བས
2536	47	1	STAGE2_MANUAL	ཞེས་གསུངས་ཏེ། སེམས་ཁྱོད་ད་ནི་སེམས་ཅན་ཐམས་ཅད་ལ་བྱིན་ཟིན་གྱིས་
2539	106	1	STAGE2_MANUAL	ཞེས་གསུངས་ཏེ། གལ་ཏེ་སྔར་གྱི་བདག་འཛིན་ངན་པ་གོམས་པས་སེམས་བདག་ཉ
2541	84	1	STAGE2_MANUAL	ཅེས་གསུངས་ཏེ། དེས་ན་སྔར་བདག་ཏུ་བཟུང་བའི་ལུས་སེམས་གང་ལ་བྱིན་པ
2542	54	1	STAGE2_MANUAL	གཉིས་པ་རྒྱས་བཤད་ལ་བཞི། སེམས་ཅན་གཞན་བདག་ཏུ་བྱས་ནས་ལུས་སེམས་ལ་
2546	253	1	STAGE2_MANUAL	ཞེས་གསུངས་ཏེ། ད་ནི་དེ་ལག་ཏུ་བླང་བའི་ཕྱིར་སྔར་ཐོག་མེད་ནས་བདག་
2547	48	1	STAGE2_MANUAL	གཉིས་པ་རྒྱས་བཤད་ལ་གསུམ། སེམས་ཅན་རྣམས་བདག་ཏུ་བྱས་ནས་གཞན་ལུས་ས
2548	51	1	STAGE2_MANUAL	དང་པོ་ལ་གསུམ། ལུས་སེམས་ལ་རྙེད་བཀུར་དང་གྲགས་པ་བྱུང་བ་ལ་བདག་སེ
2553	98	1	STAGE2_MANUAL	ཅེས་གསུངས་ཏེ། དེ་ཡང་ནམ་ལུས་སེམས་ཙམ་དེ་ལ་རྙེད་པ་དང་བཀུར་སྟི་ས
2557	96	1	STAGE2_MANUAL	འདི་ནི་འཇིག་རྟེན་ལ་ཆེ་བར་གྲགས་ཤིང་ བདག་སེམས་ཅན་ནི་ཡོན་ཏན་མེད
2560	181	1	STAGE2_MANUAL	ཅེས་གསུངས་ཏེ། ལུས་སེམས་ཙམ་ལ་བྱང་ཆུབ་སེམས་དཔའ་ཞེས་བྱ་བ་ལ་སོགས
2562	100	1	STAGE2_MANUAL	ཞེས་གསུངས་ཏེ། འོན་ཀྱང་ད་ལྟ་ལུས་སེམས་ཙམ་ལ་བྱང་ཆུབ་སེམས་དཔར་བཏ
2564	139	1	STAGE2_MANUAL	ཞེས་གསུངས་ཏེ། གལ་ཏེ་འདི་བྱང་ཆུབ་སེམས་དཔར་ཁས་འཆེ་ཞིང་བཟང་པོར་
2571	214	1	STAGE2_MANUAL	ཅེས་གསུངས་ཏེ། དེས་ན་མི་དགེ་བའི་ལས་སྤྱོད་པས་ངན་འགྲོའི་གཡང་ཁར་
2572	72	1	STAGE2_MANUAL	གཉིས་པ་སེམས་ཅན་རྣམས་བདག་ཏུ་བྱས་ནས་གཞན་ལུས་སེམས་ལ་འགྲན་སེམས་ས
2575	141	1	STAGE2_MANUAL	ཅེས་གསུངས་ཏེ། ཕྲག་དོག་ཇི་ལྟར་སྒོམ་པ་བཤད་ནས། ད་ནི་འགྲན་སེམས་ས
2581	61	1	STAGE2_MANUAL	ཞེས་གསུངས་ཏེ། བདག་སེམས་ཅན་གྱི་སྐྱོན་ནི་ཤིན་ཏུ་ཆེ་ན་ཡང་རུང་ཆུ
2584	86	1	STAGE2_MANUAL	ཞེས་གསུངས་ཏེ། ལུས་སེམས་ཙམ་ལ་ཐོག་མ་མེད་པ་ནས་ངར་གཅེས་པས་ཞེན་པ་
2588	111	1	STAGE2_MANUAL	ཞེས་གསུངས་ཏེ། ང་རྒྱལ་སྒོམ་པ་ནི་དེ་ཙམ་དུ་འཁོན་དུ་འཛིན་པའི་རྒྱ
2590	58	1	STAGE2_MANUAL	ཅེས་གསུངས་ཏེ། དེ་ལྟར་བདག་སེམས་ཅན་གྱིས་ཡོན་ཏན་ཆེན་པོ་འདི་ནི་འ
2594	205	1	STAGE2_MANUAL	ཞེས་གསུངས་ཏེ། དེ་བས་ན་ཅི་སྟེ་ལུས་སེམས་ཁྱོད་ལ་རྙེད་པ་དང་ལོངས་
2596	44	1	STAGE2_MANUAL	གཉིས་པ་བདག་འཛིན་རང་སར་བཞག་ནས་བདག་གཞན་བརྗེ་བ་ལ་གསུམ། སྔར་རང་ད
2600	57	1	STAGE2_MANUAL	ཞེས་གསུངས་ཏེ། དེས་ན་བདག་འཛིན་འདི་ཡིས་འཁོར་བ་ཐོག་མ་མེད་པ་ནས་བ
2603	48	1	STAGE2_MANUAL	ཞེས་གསུངས་ཏེ། ད་ནི་བདག་གཅེས་འཛིན་དེ་ཐོངས་ལ་གཞན་དོན་ལ་རབ་ཏུ་འ
2605	62	1	STAGE2_MANUAL	ཞེས་གསུངས་ཏེ། སྔོན་ནས་སེམས་ཁྱོད་ཀྱིས་འདི་ལྟར་བྱས་ན་སངས་རྒྱས་
2610	48	1	STAGE2_MANUAL	ཞེས་གསུངས་ཏེ། དེ་བཞིན་དུ་ད་ནི་གཞན་ཁོ་ན་གཅེས་པར་བཟུང་ནས་གཞན་ག
2618	108	1	STAGE2_MANUAL	ཅེས་གསུངས་ཏེ། བཟོད་སྨྲའི་སྐྱེས་རབས་སུ་རྒྱལ་པོས་ཉེས་མེད་དུ་ཡན
2620	41	1	STAGE2_MANUAL	ཞེས་གསུངས་ཏེ། དེ་བཞིན་དུ་བདག་གི་ཡོན་ཏན་སུས་ཀྱང་མི་ཤེས་པར་སྦ་
2622	55	1	STAGE2_MANUAL	ཞེས་གསུངས་ཏེ། བྱིས་པ་སྐྱོན་གྱི་རང་བཞིན་ཡིན་པའི་ཕྱིར་རང་ཉིད་ས
2626	84	1	STAGE2_MANUAL	ངོ་ཚས་འཇིགས་དང་བསྡམས་ཏེ་བཞག། ཅེས་གསུངས་ཏེ། དེ་ལྟར་རྣམ་པ་དུ་མ
2630	138	1	STAGE2_MANUAL	ཞེས་གསུངས་ཏེ། ད་ནི་གཉེན་པོའི་ཤེས་པ་ལ་བདག་ཏུ་བཟུང་སྟེ་ལེགས་པར
2632	105	1	STAGE2_MANUAL	ཅེས་གསུངས་ཏེ། དེ་ལྟར་གདམས་པས་ཀྱང་སེམས་ཁྱོད་མ་དུལ་བའི་ངན་ལང་བ
2635	109	1	STAGE2_MANUAL	ཞེས་གསུངས་ཏེ། འཁོར་བ་ཐོག་མེད་ནས་ཕུང་པོ་ལ་བདག་འཛིན་ཁྱོད་ཀྱིས་
2637	95	1	STAGE2_MANUAL	ཞེས་གསུངས་ཏེ། ད་ཕྱིན་ཆད་ཕུང་པོ་ལ་བདག་དང་གཅེས་པར་བཟུང་ནས་བདག་
2640	59	1	STAGE2_MANUAL	ཞེས་གསུངས་ཏེ། རྣམ་པ་ཀུན་ཏུ་བག་མེད་པར་གྱུར་པ་གདོལ་བ་ལྟ་བུའི་ས
2643	137	1	STAGE2_MANUAL	ཞེས་གསུངས་ཏེ། སྔར་ཡང་ཐོག་མ་མེད་པ་ནས་ཕུང་པོ་ལ་བདག་འཛིན་ཁྱོད་ལ
2644	66	1	STAGE2_MANUAL	བཞི་པ་ལུས་ལ་ཆགས་པ་ཉེས་པའི་འབྱུང་གནས་སུ་བསྟན་པ་ལ་དྲུག ། མདོར་
2647	111	1	STAGE2_MANUAL	ཞེས་གསུངས་ཏེ། དེ་ལྟར་གཉེན་པོའི་ཤེས་པ་ལ་བདག་ཏུ་བྱས་ཤིང་ཕུང་པོ
2648	45	1	STAGE2_MANUAL	བདག་ཉིད་སྲུང་བར་འདོད་པ་དེས་ཀྱང་གཞན་ཐམས་ཅད་སྲུང་བར་བྱ་སྟེ་ཐམས
2651	90	1	STAGE2_MANUAL	ཞེས་གསུངས་ཏེ། དེས་ན་བདག་ལ་ཆགས་པར་མི་བྱ་སྟེ་སེམས་ནི་ངོ་བོ་ཉིད
2653	65	1	STAGE2_MANUAL	ཞེས་གསུངས་ཏེ། སེམས་ཅན་གཅིག་གི་འདོད་པ་ལ་བརྣབ་སེམས་པ་དེའི་བསམ་
2655	83	1	STAGE2_MANUAL	ཞེས་གསུངས་ཏེ། ལོངས་སྤྱོད་དང་བདེ་བ་ཅི་ཐོབ་ཀྱང་ཚིམ་པ་མེད་ཀྱི་ས
2657	69	1	STAGE2_MANUAL	ཞེས་གསུངས་ཏེ། དེས་ན་སུ་ཞིག་གང་ལ་ཡང་བལྟོས་པ་དང་རེ་བ་དང་ཆགས་པ་
2660	60	1	STAGE2_MANUAL	ཞེས་གསུངས་ཏེ། དེ་བས་ན་ལུས་ལ་ཆགས་ཤིང་ཞེན་པའི་སེམས་སྐྱེ་བའི་སྐ
2662	161	1	STAGE2_MANUAL	ཞེས་གསུངས་ཏེ། དེས་ན་ཤི་བའི་མཐར་ཤ་རུས་སོ་སོར་འབྲལ་ཞིང་རུས་ཚིག
2665	150	1	STAGE2_MANUAL	ཅེས་གསུངས་ཏེ། དེས་ན་གསོན་པའམ་ཤི་བ་གང་གི་ཚེ་ཡང་སེམས་སྟོང་པ་ཁྱ
2668	113	1	STAGE2_MANUAL	ཞེས་གསུངས་ཏེ། དེས་ན་སྔོན་ཆད་ལུས་འདིའི་འཚོ་ཚིས་ཀྱི་ཁ་ཏ་ཁོ་ན་བ
2670	41	1	STAGE2_MANUAL	ཅེས་གསུངས་ཏེ། སེམས་བདག་གིས་བསྐྱངས་པ་དང་ཕྱིས་བྱ་རྒོད་ཀྱིས་ཟོས
2673	61	1	STAGE2_MANUAL	ཞེས་གསུངས་ཏེ། བསྟོད་དམ་དམད་ཀྱང་བདག་ལ་བསྟོད་དོ་ཞེའམ་དམད་དོ་ཞེ
2675	43	1	STAGE2_MANUAL	ཞེས་གསུངས་ཏེ། ཡང་ལུས་འདི་ལ་ཕན་པར་འདོད་པ་དེ་སེམས་བདག་གི་བཤེས་
2678	111	1	STAGE2_MANUAL	ཞེས་གསུངས་ཏེ། དེ་རྣམས་ལ་སོགས་པའི་རྒྱུ་མཚན་མཐའ་ཡས་པས་ན་སེམས་བ
2680	74	1	STAGE2_MANUAL	ཞེས་གསུངས་ཏེ། འོ་ན་ཉན་ཐོས་མི་སྡུག་པ་གོམས་པ་དག་ལྕེབ་པ་དང་གསོད
2685	137	1	STAGE2_MANUAL	ཞེས་གསུངས་ཏེ། དེ་ཡང་འདུ་འཛི་ལ་དགའ་བ་དང༌། ཕྱི་ཡོ་བྱད་དང་ནང་སེ
2693	79	1	STAGE2_MANUAL	ཞེས་གསུངས་ཏེ། དེས་ན་མཁས་པ་རྒྱལ་བའི་སྲས་ཐུགས་རྗེའི་དབང་ཕྱུག་ཆ
2696	328	1	STAGE2_MANUAL	ཞེས་གསུངས་ཏེ། དེ་ལྟར་རྒྱས་པར་བཤད་ནས་ད་ནི་ལེའུ་འདི་མཐའ་དག་གི་
2699	53	1	STAGE2_MANUAL	ཞེས་པས་མི་མཐུན་ཕྱོགས་སྤོང་བ་ཐམས་ཅད་བསྡུས་ཤིང༌། ཡང་དག་དམིགས་ལ
2701	45	1	STAGE2_MANUAL	ch-9 དེ་ལྟར་ཡང་དག་པའི་བསམ་གཏན་ལ་འབད་པས་ཟད་པ་དང་མི་སྐྱེ་བ་ཤེས
2705	81	1	STAGE2_MANUAL	ཅེས་གསུངས་ཏེ། སྦྱིན་པ་ལ་སོགས་པ་ཡན་ལག་ལྔ་པོ་འདི་དག་ཐམས་ཅད་ནི་
2706	42	1	STAGE2_MANUAL	དེ་ཡི་ཕྱིར་ན་སྦྱིན་སོགས་ལྔ་པོ་ཙམ་གྱིས་ཆོག་ཤེས་པར་མི་བྱ་བར་སླ
2709	89	1	STAGE2_MANUAL	ཞེས་སྦྱིན་སོགས་ལྔའི་སྔོན་དུ་ཤེས་རབ་དགོས་པར་བཤད་པ་དང་འགལ་ལོ་ཞ
2716	48	1	STAGE2_MANUAL	ཅེས་གསུངས་ཏེ། འདིར་ནི་མདོར་བསྡུ་ན་གང་ཤེས་པར་བྱ་བ་ནི། ཀུན་རྫོ
2719	92	1	STAGE2_MANUAL	འོ་ན་ཅིའི་ཕྱིར་ཀུན་རྫོབ་དེ་བདེན་པར་བཞག་ཅེ་ན། རེ་ཞིག་འཇིག་རྟེ
2720	47	1	STAGE2_MANUAL	ཀུན་རྫོབ་ལ་བལྟོས་ན་དངོས་པོའི་གནས་ཚུལ་དུ་ཞུགས་པའི་ཕྱིར་དང་དོན
2722	62	1	STAGE2_MANUAL	འདི་ནི་ཆོས་ཐམས་ཅད་ཀྱི་རང་བཞིན་གཉུག་མར་གནས་པ་ཡིན་ཞིང་འཕགས་པ་ར
2726	55	1	STAGE2_MANUAL	ཅེས་གསུངས་ཏེ། འོ་ན་འདིར་བདེན་གཉིས་ཀྱི་ཟླས་ཕྱེ་བའི་དོན་དམ་པའི
2727	57	1	STAGE2_MANUAL	ཞེས་སྟོན་པ་ཆོས་ཐམས་ཅད་ཀྱི་རང་བཞིན་རྣལ་མ་རྟོག་བཅས། རྟོག་མེད། 
2729	90	1	STAGE2_MANUAL	འོ་ན་ཀུན་རྫོབ་ཀྱང་དེ་ལྟར་ཟད་པས་བློའི་སྤྱོད་ཡུལ་མ་ཡིན་ནོ་ཞེ་ན
2731	93	1	STAGE2_MANUAL	དོན་དམ་བློ་ཡི་ཡུལ་མིན་པར་གང་གིས་ངེས་ན་འདི་ནི་བསམ་གྱིས་མི་ཁྱབ
2732	166	1	STAGE2_MANUAL	དེ་ལྟར་ཆོས་ཀྱི་དབྱིངས་སྨྲ་བསམ་བརྗོད་པའི་ཡུལ་མ་ཡིན་པར་གཟིགས་པ
2736	75	1	STAGE2_MANUAL	ཅེས་གསུངས་ཏེ། གལ་ཏེ་སོ་སྐྱེའི་མཐོང་བ་དོན་དམ་མ་ཡིན་མོད་ཀྱང་དོ
2738	404	1	STAGE2_MANUAL	རྣལ་འབྱོར་པ་ཡང༌། གྲུབ་མཐའ་བཞི་སྨྲ་བ་དང༌། ལམ་ལྔ་དང༌། མཐོང་སྒོ
2739	64	1	STAGE2_MANUAL	གལ་ཏེ་མཁྱེན་པའི་ཡུལ་ཡིན་ནོ་ཞེ་ན། ཆོས་ཐམས་ཅད་རྣམ་པ་ཐམས་ཅད་དུ་
2744	191	1	STAGE2_MANUAL	ཅེས་གསུངས་ཏེ། འོ་ན་བློ་ཐམས་ཅད་འཁྲུལ་པ་ཡིན་ན་འཁྲུལ་པ་ནི་མེད་པ
2745	107	1	STAGE2_MANUAL	མདོར་ན་གྲུབ་མཐའ་ལ་མ་ཞུགས་པ་དང་ཞུགས་པའི་འཇིག་རྟེན་པ་ཡིས་ནི་གཟ
2747	56	1	STAGE2_MANUAL	དང་པོ་ལ་དྲུག ཚད་མ་དང་འགལ་བ་སྤང་བ། ལུང་དང་འགལ་བ་སྤང་བ། སངས་རྒ
2750	77	1	STAGE2_MANUAL	ཞེས་གསུངས་ཏེ། གཟུགས་སྒྲ་སོགས་ཡང་དག་པར་ཡོད་དེ་མངོན་སུམ་དུ་མྱོ
2753	65	1	STAGE2_MANUAL	ཞེས་གསུངས་ཤིང༌། དེས་ན་མེད་བཞིན་དུ་སྣང་བ་ལ་མངོན་སུམ་དུ་མཐོང་བ
2756	61	1	STAGE2_MANUAL	ཞེས་གསུངས་ཏེ། རང་སྡེ་བྱེ་མདོ་དག་ན་རེ། གཟུགས་སོགས་མེད་ན་འདུས་
2763	90	1	STAGE2_MANUAL	ངེས་རྟོག་འཇིག་རྟེན་གྱིས་གནོད་འགྱུར།། ཞེས་གསུངས་ཏེ། འོ་ན་སྐད་
2764	118	1	STAGE2_MANUAL	འོ་ན་སྐད་ཅིག་མ་མཐོང་བ་དེ་བདེན་པ་མཐོང་བ་ཡིན་པར་གསུངས་པ་དང་འགལ
2767	76	1	STAGE2_MANUAL	ཞེས་གསུངས་ཏེ། འོ་ན་སངས་རྒྱས་མཆོད་པས་བསོད་ནམས་སུ་མི་འགྱུར་བར་
2772	52	1	STAGE2_MANUAL	སྐྱོན་མེད་དེ་ཇི་སྲིད་དུ་སྒྱུ་མའི་རྐྱེན་སྔགས་དང་སྦྱོར་བ་རྣམས་
2773	75	1	STAGE2_MANUAL	གལ་ཏེ་སྒྱུ་མ་ནི་གློ་བུར་བ་ཡིན་པས་མི་བདེན་ལ་སེམས་ཅན་ནི་ཐོག་མ་
2776	120	1	STAGE2_MANUAL	ཞེས་གསུངས་ཏེ། འོ་ན་སེམས་ཅན་བསད་ཀྱང་སྡིག་པར་མི་འགྱུར་བར་ཐལ་ཏེ
2778	59	1	STAGE2_MANUAL	ཅེས་གསུངས་ཏེ། འོ་ན་སྒྱུ་མའི་སྐྱེས་བུ་ལ་སྒྱུ་མའི་སེམས་མི་འབྱུ
2780	59	1	STAGE2_MANUAL	ཅེས་གསུངས་ཏེ། སྒྱུ་མའི་མི་སྤྲུལ་ནུས་ན་དེའི་སེམས་ཀྱང་སྤྲུལ་ནུ
2785	55	1	STAGE2_MANUAL	ཞེས་གསུངས་ཏེ། འོ་ན་སྒྲིབ་པ་རང་བཞིན་གྱིས་མེད་ན་གཟོད་ནས་སངས་རྒ
2787	58	1	STAGE2_MANUAL	དོན་སྨྲ་བ་ན་རེ། གལ་ཏེ་དོན་དམ་པར་མྱ་ངན་ལས་འདས་པ་ཡིན་ཡང་འཁོར་བ
2789	108	1	STAGE2_MANUAL	ཞེས་གསུངས་ཏེ། དེ་ལ་སྨྲས་པ་རང་བཞིན་གྱིས་དག་པར་སངས་རྒྱས་དང་སེམ
2791	51	1	STAGE2_MANUAL	དང་པོ་ལ་བརྒྱད། འཁྲུལ་པ་མེད་ན་སྒྱུ་མ་མི་དམིགས་པར་ཐལ་བའི་རྩོད་
2794	79	1	STAGE2_MANUAL	ཞེས་གསུངས་ཏེ། དེ་ཡང་རྣམ་རིག་སྨྲ་བ་རྣམས་ན་རེ། ཕྱི་རོལ་གྱི་དོན
2797	44	1	STAGE2_MANUAL	ཞེས་གསུངས་ཏེ། དེ་ལ་སྨྲས་པ། སེམས་ཙམ་པ་ཁྱོད་ཉིད་ཕྱི་རོལ་གྱི་དོ
2800	56	1	STAGE2_MANUAL	ཞེས་གསུངས་ཏེ། དེ་ལ་གལ་ཏེ་རྣམ་བདེན་པ་ན་རེ། སྒྱུ་མ་སོགས་ཕྱི་རོ
2804	207	1	STAGE2_MANUAL	དེ་ལྟ་མོད་ཀྱིས་སེམས་དེ་ཉིད་ཀྱང་བལྟོས་པ་དང་བཅས་པ་དཔྱད་མི་བཟོད
2806	43	1	STAGE2_MANUAL	རལ་གྲིའི་སོ་ནི་རང་ལ་རང་ཇི་ལྟར་མི་གཅོད་པ་དེ་བཞིན་དུ་ཡིད་ཀྱང་ར
2814	63	1	STAGE2_MANUAL	ཅེས་གསུངས་ཏེ། དེ་ལ་བཤད་པ་དེ་ནི་དཔེ་མ་གྲུབ་སྟེ། གསལ་བ་ནི་མུན་
2821	126	1	STAGE2_MANUAL	ཞེས་གསུངས་ཏེ། རྣམ་རིག་པ་ན་རེ། སྐྱོན་དེ་མེད་དེ་ཤེལ་དྭངས་པ་སྔོ
2823	190	1	STAGE2_MANUAL	ཅེས་གསུངས་ཏེ། དེ་དགག་པ་ནི་སྔོན་པོ་དང་རང་རིག་དཔེ་མི་མཚུངས་ཏེ་
2826	44	1	STAGE2_MANUAL	ཞེས་གསུངས་ཏེ། རྣམ་རིག་པ་ན་རེ། དེ་ནི་ཤེས་པས་ཤེས་ཏེ་བརྗོད་དོ་ཞ
2834	84	1	STAGE2_MANUAL	ཞེས་གསུངས་ཏེ། དབུ་མ་པས་སྨྲས་པ། དེ་ནི་རང་རིག་ཡོད་པས་དྲན་པ་མ་ཡ
2835	56	1	STAGE2_MANUAL	དེས་ན་སྔོན་སྦྲུལ་གྱིས་བདག་ནི་དུག་དྲག་པས་མི་རྣམས་ལ་འཛིན་ཞིང་ད
2836	171	1	STAGE2_MANUAL	གལ་ཏེ་ཡིད་མི་ཆེས་ན་མངོན་སུམ་དུ་བྱའོ་ཞེས་གཉིས་ཀར་ལམ་དུ་འདུག་ས
2839	48	1	STAGE2_MANUAL	ཞེས་གསུངས་ཏེ། དེ་ལ་རྣམ་རིག་པ་ན་རེ། ཏིང་ངེ་འཛིན་ལ་སོགས་པའི་རྐ
2842	95	1	STAGE2_MANUAL	ཞེས་གསུངས་ཏེ། གཞན་སེམས་སོགས་ཤེས་ཀྱང་དེས་སེམས་རང་ཉིད་མཐོང་བ་མ
2843	57	1	STAGE2_MANUAL	གལ་ཏེ་སྔོན་གནས་སོགས་དྲན་པའི་ཤེས་པ་དེ་ཉིད་རང་གསལ་ཡིན་ཏེ་ཏིང་ང
2847	171	1	STAGE2_MANUAL	ཞེས་གསུངས་ཏེ། འོ་ན་རང་རིག་མེད་པ་དེའི་ཚེ་གཞན་རིག་ཀྱང་མི་འཐད་པ
2851	54	1	STAGE2_MANUAL	ཅེས་གསུངས་ཏེ། ཡང་རྣམ་མེད་སྨྲ་བ་ན་རེ། རྣམ་པ་བདེན་པར་འདོད་པ་ལ་
2852	118	1	STAGE2_MANUAL	དེ་ལ་བརྒལ་བ། ཁྱོད་སེམས་ལས་སྒྱུ་མ་གཞན་མིན་པར་འདོད་ཅིང་དེ་ལས་ག
2856	57	1	STAGE2_MANUAL	ཅེས་གསུངས་ཏེ། དེའི་རྩོད་པ་སྤོང་བར་འདོད་ནས་ཇི་ལྟར་ན་སྒྱུ་མ་བད
2860	54	1	STAGE2_MANUAL	ཞེས་གསུངས་ཏེ། གལ་ཏེ་རྣམ་རིག་པ་ན་རེ། ཕྱི་དོན་མེད་པའི་ཕྱིར་འཁོ
2864	52	1	STAGE2_MANUAL	དེ་འདོད་ན། རྣམ་རིག་པ་ཁྱོད་ཀྱི་སེམས་ནི་འཁོར་བའི་གྲོགས་མེད་པར་
2866	58	1	STAGE2_MANUAL	ཅེས་གསུངས་ཏེ། དེས་ན་གང་གི་ཚེ་སེམས་ནི་གང་ལ་ཞེན་པའི་དམིགས་པའམ་
2867	51	1	STAGE2_MANUAL	དེ་ལྟ་ཡིན་མོད་ཅེ་ན། དེ་ལྟ་ན་ཡང་ཁྱོད་ཀྱིས་སེམས་ཙམ་དང་དེ་ཡང་རང
2869	54	1	STAGE2_MANUAL	དང་པོ་ལ་དྲུག རྩོད་པ་སྤང་བ། དངོས་འཛིན་གྱི་གཉེན་པོ་སྟོང་ཉིད་དུ
2872	52	1	STAGE2_MANUAL	ཞེས་གསུངས་ཏེ། རྣམ་རིག་པ་ན་རེ། དབུ་མ་པ་ཁྱོད་ཀྱིས་ཆོས་ཐམས་ཅད་ས
2874	58	1	STAGE2_MANUAL	ཞེས་གསུངས་ཏེ། དེ་བྱེད་པ་པོ་སྒྱུ་མ་མཁན་ནི་སྒྱུ་མའི་སྔགས་བསྒྲུ
2877	73	1	STAGE2_MANUAL	ཞེས་གསུངས་ཏེ། དེ་ཡང་ཆོས་ཐམས་ཅད་ལ་སྒྱུ་མ་ལྟ་བུའི་འདུ་ཤེས་བསྒོ
2878	54	1	STAGE2_MANUAL	ཅི་ཡང་མེད་པ་འདི་ཉིད་དོན་དམ་ཡིན་ནམ་ཞེ་ན། འདི་ཡང་འདུ་ཤེས་ཀྱི་ར
2881	87	1	STAGE2_MANUAL	འོན་ཡང་སྤྲོས་པ་འབའ་ཞིག་གིས་ཕུང་བའི་སེམས་ཅན་རྣམས་ཀྱི་སྤྲོས་འཛ
2883	163	1	STAGE2_MANUAL	ཞེས་གསུངས་ཏེ། གང་གི་ཚེ་ཆོས་ཐམས་ཅད་སྒྱུ་མ་ལྟར་མཐོང་བས་བདེན་རྟ
2886	502	1	STAGE2_MANUAL	ཞེས་གསུངས་ཏེ། དེ་ལྟར་སྨོན་པའི་བྱང་ཆུབ་ཏུ་སེམས་བསྐྱེད་ཅིང་འཇུ
2889	63	1	STAGE2_MANUAL	ཞེས་གསུངས་ཏེ། འོན་ཀྱང་དེ་ཉིད་གདུལ་བྱ་ལ་མཚོན་པའི་ཆེད་དུ་གནས་ཆ
2890	347	1	STAGE2_MANUAL	དེའི་ཚེ་རང་དང་གཞན་ལ་སོགས་པའི་དམིགས་པ་ཐམས་ཅད་རྣམ་པར་ལོག་ཅིང་འ
2893	115	1	STAGE2_MANUAL	ཅེས་གསུངས་ཏེ། དཔེར་ན། ནམ་མཁའ་ལྡིང་གི་རིགས་སྔགས་གྲུབ་པའི་སྐྱེ
2895	102	1	STAGE2_MANUAL	བྱང་ཆུབ་སེམས་དཔས་བྱང་ཆུབ་སྤྱོད་པའི་རྗེས་སུ་མཐུན་པས་རྒྱལ་བའི་
2898	130	1	STAGE2_MANUAL	ཞེས་གསུངས་ཏེ། དངོས་སྨྲ་བ་ན་རེ། འོ་ན་རྫོགས་པའི་སངས་རྒྱས་ལ་སེམ
2905	106	1	STAGE2_MANUAL	ཞེས་གསུངས་ཏེ། གལ་ཏེ་ཅི་སྒྱུ་མ་ལྟ་བུའི་སངས་རྒྱས་ལ་མཆོད་པས་འབྲ
2910	51	1	STAGE2_MANUAL	སྒྱུ་མ་ལྟ་བུའི་སངས་རྒྱས་ལ་མཆོད་པ་བྱས་པས་བསོད་ནམས་ཀྱང་སྒྱུ་མ་
2915	41	1	STAGE2_MANUAL	ཞེས་གསུངས་ཏེ། དེ་ཡང་ཉན་ཐོས་གྲུབ་མཐའ་པ་ན་རེ། བདེན་པ་བཞི་ལ་རྣམ
2918	50	1	STAGE2_MANUAL	ཞེས་གསུངས་ཏེ། གང་གི་ཕྱིར་སྟོན་པ་ཉིད་ཀྱི་ལུང་ལས་སྟོང་ཉིད་མཐོང
2924	68	1	STAGE2_MANUAL	གསུམ་པ་ཐེག་པ་ཆེན་པོ་བཀར་སྒྲུབ་པ་ལ་ལྔ། མཚུངས་པ་བརྗོད། མདོ་སྡེ
2925	207	1	STAGE2_MANUAL	དང་པོ་ནི། དེ་ལ་ཉན་ཐོས་ཀྱི་འཕགས་པ་ཐེག་ཆེན་སྤོང་བ་ནི་མི་སྲིད་ད
2926	355	1	STAGE2_MANUAL	དེས་ན་གཙོ་བོར་ཉན་ཐོས་རྟོག་གེ་པ་སྡེ་སྣོད་གསུམ་ལས་གང་ཡང་རུང་བའ
2932	136	1	STAGE2_MANUAL	དང་པོ་ལྟར་ནི་མ་ཡིན་ཏེ་ཁྱོད་བྱིས་པ་སྐྱེས་མ་ཐག་པ་ཤེད་མ་བྱེ་བའི
2933	129	1	STAGE2_MANUAL	ཤཱ་རིའི་བུ་སོགས་ཉན་ཐོས་ཆེན་པོ་རྣམས་ཀྱིས་མ་གསན་པ་ཡང་མ་ཡིན་ཏེ།
2936	65	1	STAGE2_MANUAL	ཞེས་གསུངས་ཏེ། གཞན་ཡང་ཁྱོད་ཀྱིས། གང་ཕྱིར་གཉིས་ཀ་ལ་འདི་གྲུབ།། 
2940	62	1	STAGE2_MANUAL	ཞེས་སོགས་ཀྱིས་ཕྱི་རོལ་གྱི་མུ་སྟེགས་པ་རྣམས་དང་རྩོད་བཅས་ཡིན་ཞི
2941	46	1	STAGE2_MANUAL	གཉིས་པ་རིགས་པས་སྒྲུབ་པ་ལ་གསུམ། སྟོང་ཉིད་མ་རྟོགས་ན་དོན་དམ་གྱི
2944	109	1	STAGE2_MANUAL	ཞེས་གསུངས་ཏེ། དེ་ལྟར་ལུང་གིས་སྒྲུབ་པ་བཤད་ནས་རིགས་པས་སྒྲུབ་པ་
2945	111	1	STAGE2_MANUAL	ཞེས་གསོལ་བཞིའི་ཆོ་གས་སྡོམ་པ་ཕོག་པ་ཉིད་དགེ་སློང་དུ་གསུངས་པས་ད
2954	51	1	STAGE2_MANUAL	ཞེས་བཅོམ་ལྡན་འདས་བྱམས་པ་བཞེད་པའི་ཕྱིར་དང༌། སྟོང་ཉིད་མ་རྟོགས་
2957	41	1	STAGE2_MANUAL	ཞེས་གསུངས་ཏེ། སྟོང་ཉིད་མ་རྟོགས་ཀྱང་ཉོན་མོངས་པ་ལས་གྲོལ་ན་དེ་ཉ
2958	194	1	STAGE2_MANUAL	འདོད་མི་ནུས་ཏེ་ཉོན་མོངས་མངོན་གྱུར་པ་མེད་ཀྱང་ཐེག་དམན་གྱི་དགྲ་
2960	126	1	STAGE2_MANUAL	ཅེས་གསུངས་ཏེ། གལ་ཏེ་དེ་བདེན་མོད་ཀྱང་རེ་ཞིག་སྲིད་པ་ཕྱི་མ་ཉེ་བ
2963	144	1	STAGE2_MANUAL	ཅེས་གསུངས་ཏེ། གཞན་ཡང་ཉན་རང་དེ་དག་ལ་སྲེད་པ་ཡོད་དེ་ཚོར་བའི་རྐྱ
2966	107	1	STAGE2_MANUAL	འདུ་ཤེས་མེད་པའི་སྙོམས་འཇུག་བཞིན།། ཞེས་གསུངས་ཏེ། དེས་ན་ཡུལ་གང
2970	220	1	STAGE2_MANUAL	འདི་ནི་སྟོང་ཉིད་འབྲས་བུ་ཡིན།། ཞེས་གསུངས་ཏེ། དེས་ན་སྒོམ་པ་པོ་
2974	164	1	STAGE2_MANUAL	ཞེས་གསུངས་ཏེ། ངག་གང་མདོ་སྡེ་ལ་འཇུག འདུལ་བ་ལ་སྣང༌། ཆོས་ཉིད་དང
2977	147	1	STAGE2_MANUAL	ཞེས་གསུངས་ཏེ། གལ་ཏེ་བདག་ཅག་གི་མདོ་ནི་མི་རྟག་པ་སོགས་སྟོན་ལ། ཐ
2980	409	1	STAGE2_MANUAL	དེ་ནི་ཐེག་དམན་ལ་ཡང་མཚུངས།། ཞེས་གསུངས་ཏེ། དེས་ན་དགོངས་ལྡེམ་དག
2987	59	1	STAGE2_MANUAL	ཞེས་གསུངས་ཏེ། ཇི་ལྟར་འབྲས་བུ་ལོ་ཏོག་འདོད་ལ་རྒྱུ་སོ་ནམ་འགོག་པ
2991	251	1	STAGE2_MANUAL	ཅེས་གསུངས་ཏེ། དེ་ལྟ་མོད་ཀྱི་ཉོན་མོངས་པ་དང་ཤེས་བྱའི་སྒྲིབ་པའི
2992	86	1	STAGE2_MANUAL	ཞེས་འཇིག་རྟེན་ཀུན་རྫོབ་ལ་བལྟོས་ནས་རྣམ་པར་འཇོག་གོ ། དེས་ན་མྱུ
2994	72	1	STAGE2_MANUAL	ཞེས་གསུངས་ཏེ། བདག་ཅག་ནི་མ་སྦྱངས་པས་སྟོང་ཉིད་ལ་སྐྲག་གོ་ཞེ་ན། 
2995	49	1	STAGE2_MANUAL	དེས་ན་སྟོང་པ་ཉིད་འདིས་ནི་དངོས་འཛིན་གྱི་ནད་དང་སྡུག་བསྔལ་ཐམས་ཅ
2997	46	1	STAGE2_MANUAL	དང་པོ་ལ་ལྔ། སྤྱིར་བདག་མ་གྲུབ་པར་སྟོན་པ། བྱེ་བྲག་ཏུ་གྲངས་ཅན་པ
3003	72	1	STAGE2_MANUAL	ཞེས་སྟོང་ཉིད་འཇིགས་པའི་གནས་མིན་པར་བསྟན་ནས། དེ་ལྟ་མོད་ཀྱི་གལ་
3008	91	1	STAGE2_MANUAL	བུ་ག་བདག་མིན་་་་་་་་་་་་་་་་་་་་་་༌།། ཞེས་གསུངས་ཏེ། གལ་ཏེ་ལུ
3010	51	1	STAGE2_MANUAL	སྣབས་མིན་བད་ཀན་མ་ཡིན་ཏེ། ཆུ་སེར་དང་ནི་རྣག་ཀྱང་མིན་ཏེ་དེ་དག་ན
3011	136	1	STAGE2_MANUAL	གློ་མཆིན་དག་ཀྱང་བདག་མ་ཡིན། ནང་རོལ་གཞན་ཡང་བདག་མིན་ཏེ་དེ་དག་ནི
3013	200	1	STAGE2_MANUAL	གསུམ་པ་སེམས་བདག་མ་ཡིན་པར་བསྟན་པ་ནི།་་་་་་་་་་་་་་་་་་་་་་་་་
3016	87	1	STAGE2_MANUAL	ཀུན་གཞིའི་རྣམ་ཤེས་རྣམ་པར་བཞག་པའི་ཚེ་ནའང་དེ་ཡང་བདག་མ་ཡིན་ཏེ་ད
3017	63	1	STAGE2_MANUAL	ཞེས་གསུངས་པའི་ཕྱིར། ལུས་སེམས་དེ་དག་ལས་གཞན་པའི་བདག་ཡོད་ན་རང་ཉ
3019	108	1	STAGE2_MANUAL	དང་པོ་ནི། དེ་ལ་གྲངས་ཅན་པ་ན་རེ། ཤེས་པ་ནི་བདག་ཡིན་ལ་དེ་དང་བཅས་
3023	66	1	STAGE2_MANUAL	ཞེས་གསུངས་ཏེ། གལ་ཏེ་ཁྱོད་ལྟར་སྒྲའི་ཤེས་པ་དེ་རྟག་པ་ཡིན་ན་ནི་འ
3025	49	1	STAGE2_MANUAL	ཅེས་གསུངས་ཏེ། རེས་འགའ་ཡུལ་སྒྲ་མི་ཉེ་བས་དེ་ཡི་ཚེ་སྒྲ་མི་འབྱུང
3032	93	1	STAGE2_MANUAL	ཞེས་གསུངས་ཏེ། གལ་ཏེ་སེམས་པ་རྟག་པ་དེ་ཉིད་ཀྱིས་ནི་སྒྲ་མི་ཤེས་པ
3034	42	1	STAGE2_MANUAL	ཅེས་གསུངས་ཏེ། གལ་ཏེ་ཡུལ་སྒྲ་ཐག་མི་ཉེ་བའི་ཕྱིར་ན་སྒྲ་མེད་དོ་ཞ
3040	64	1	STAGE2_MANUAL	ཞེས་གསུངས་ཏེ། ཁོ་ན་རེ། སྐྱེས་བུ་གཅིག་ཉིད་ཕ་ལ་བལྟོས་ནས་བུ་དང་
3042	69	1	STAGE2_MANUAL	ཞེས་གསུངས་ཏེ། འདི་ལྟར་ཁྱོད་འདོད་པའི་སྙིང་སྟོབས་བདེ་བ་དང་རྡུལ
3045	62	1	STAGE2_MANUAL	ཞེས་གསུངས་ཏེ། གལ་ཏེ་ཟློས་གར་མཁན་གྱིས་སྐད་ཅིག་རེར་སྲིད་སྒྲུབ་
3046	111	1	STAGE2_MANUAL	གལ་ཏེ་ཚུལ་གཞན་དེ་ཉིད་ན།། གཅིག་ཉིད་དེ་ནི་སྔོན་མེད་ཅིག། ཅེས་གས
3047	68	1	STAGE2_MANUAL	གཞན་ཡང་བདག་དེ་སྒྲ་དེ་ཙམ་གྱི་ཤེས་པར་རྟག་ན་གཟུགས་དེ་ཙམ་ལ་སོགས་
3049	42	1	STAGE2_MANUAL	ཞེས་གསུངས་ཏེ། གལ་ཏེ་བདག་རྟག་གཅིག་དེ་ཚུལ་གཞན་དེར་བདེན་པ་མིན་པ
3051	64	1	STAGE2_MANUAL	ཞེས་གསུངས་ཏེ། ཤེས་པ་ཙམ་ཉིད་དོ་ཞེ་ན། དེ་ལྟ་ན་སྐྱེ་བོ་ཀུན་གཅིག
3052	118	1	STAGE2_MANUAL	གང་ཚེ་བྱེ་བྲག་ཕྱིན་ཅི་ལོག། དེ་ཚེ་འདྲ་བའི་རྟེན་གང་ཡིན།། ཞེས་ག
3056	67	1	STAGE2_MANUAL	ཞེས་གསུངས་ཏེ། དེ་ལྟར་བདག་སེམས་བཅས་སུ་འདོད་པ་གྲངས་ཅན་པ་ཁེགས་པ
3058	83	1	STAGE2_MANUAL	ཞེས་གསུངས་ཏེ། ཁོ་ན་རེ། འོན་ཏེ་བདག་ལ་སེམས་མེད་ཀྱང་ཡོན་ཏན་གྱི་
3061	82	1	STAGE2_MANUAL	ཞེས་གསུངས་ཏེ། ཇི་སྟེ་བདག་རྟག་པ་ལ་འགྱུར་བ་མེད་དོ་སྙམ་ན། འོ་ན་
3065	74	1	STAGE2_MANUAL	ཞེས་གསུངས་ཏེ། དེ་ལྟར་ལྷན་སྐྱེས་དང༌། ཀུན་བཏགས་ཀྱི་བདག་མེད་པར་
3068	92	1	STAGE2_MANUAL	ཞེས་གསུངས་ཏེ། ཁྱོད་ཀྱང་བདག་རྟག་པ་བྱ་བྱེད་མེད་པར་འདོད་ཅིང་ངེད
3071	83	1	STAGE2_MANUAL	ཞེས་གསུངས་ཏེ། ཆོས་གཅིག་ཁོ་ན་ལ་བལྟོས་ཏེ་ཅིག་ཆར་རྒྱུ་དང་ཡང་ལྡན
3073	108	1	STAGE2_MANUAL	ཞེས་གསུངས་ཏེ། ཁྱེད་རང་གི་སྟོན་པས་ལས་བྱེད་པ་པོས་འབྲས་བུ་མྱོང་
3074	52	1	STAGE2_MANUAL	ལྔ་པ་ཞར་ལ་དཔྱོད་པ་བ་དང་རང་སྡེ་གནས་མ་བུ་པའི་གང་ཟག་འགོག་པ་ལ་བཞ
3077	87	1	STAGE2_MANUAL	ཞེས་གསུངས་ཏེ། དེའི་ཚེ་དཔྱོད་པ་པ་ལ་སོགས་པ་ན་རེ། སེམས་ཀྱི་རྒྱུ
3080	71	1	STAGE2_MANUAL	ཞེས་གསུངས་ཏེ། འོན་ཏེ་ད་ལྟར་སྐྱེས་ལ་མ་འགགས་པའི་སེམས་བདག་ཡིན་ན
3084	140	1	STAGE2_MANUAL	དེ་ཡང་མ་ཡིན་ཏེ། དཔེར་ན་ཆུ་ཤིང་གི་སྡོང་པོ་དག་ལ་སྟ་རེས་བཅད་ཅིང
3087	70	1	STAGE2_MANUAL	ཞེས་གསུངས་ཏེ། དེ་ལྟར་དུ་བདག་མེད་ན་བདག་དང་སེམས་ཅན་དང་གང་ཟག་ནི
3089	111	1	STAGE2_MANUAL	ཞེས་གསུངས་ཏེ། སྤྱིར་ཤེས་རབ་ཀྱིས་མ་དཔྱད་པའི་སྐབས་སུ་འབྲས་བུ་ར
3091	55	1	STAGE2_MANUAL	ཅེས་གསུངས་ཏེ། འོ་ན་ཆེད་དུ་བྱ་བའི་ཡུལ་སེམས་ཅན་མེད་ན་དེའི་ཆེད་
3093	78	1	STAGE2_MANUAL	ཞེས་གསུངས་ཏེ། གཞན་དོན་དུ་སངས་རྒྱས་འཐོབ་འདོད་ཀྱང་འབྲས་བུའི་རྨ
3096	99	1	STAGE2_MANUAL	ཞེས་གསུངས་ཏེ། འོ་ན་རེ་ཞིག་ལམ་གྱི་རྟེན་དུ་འབྲས་བུའི་རྨོངས་པ་མ
3105	66	1	STAGE2_MANUAL	ཞེས་གསུངས་ཏེ། དེ་ཡང་ཡན་ལག་སྣ་ཚོགས་པའི་འདུས་པ་འདི་ལ་ལུས་ཞེས་བ
3106	56	1	STAGE2_MANUAL	བྲང་དང་དཔུང་པའང་ལུས་མ་ཡིན་ རྩིབས་ལོག་དང་ལག་པའང་ལུས་མ་ཡིན། མཆ
3108	42	1	STAGE2_MANUAL	གཉིས་པ་ཡན་ལག་ཅན་དགག་པ་ལ་བཞི། ཆ་ཤས་ཐམས་ཅད་ལ་ལུས་གནས་པ་བཀག ལུས
3112	67	1	STAGE2_MANUAL	ཞེས་གསུངས་ཏེ། དེ་ལ་བརྒལ་བ། གལ་ཏེ་ལུས་ཉིད་ནི་ཆ་ཤས་ཐམས་ཅད་ལ་ཕྱ
3114	116	1	STAGE2_MANUAL	ཞེས་གསུངས་ཏེ། གལ་ཏེ་ལུས་བདག་ཉིད་དེ་ཆ་ཤས་ཀུན་གྱི་ལུས་ལག་པ་ལ་ས
3115	49	1	STAGE2_MANUAL	འདོད་མི་ནུས་ཏེ་དེ་ལྟ་ན་ཆ་ཤས་རེ་རེ་ཞིང་ལུས་སུ་ཐལ་བས་ཁྱབ་བྱེད་
3117	55	1	STAGE2_MANUAL	ཞེས་གསུངས་ཏེ། དེས་ན་ཕྱི་བེམ་པོར་སྣང་བ་དང་ནང་ཤེས་པར་སྣང་བ་འདི
3118	78	1	STAGE2_MANUAL	གལ་ཏེ་ཆ་ཤས་འདི་རྣམས་མ་ཡིན་པའི་ལུས་གཅིག་ཡིན་པར་འདོད་ན། དེ་ལྟ་
3121	79	1	STAGE2_MANUAL	ཞེས་གསུངས་ཏེ། དེས་ན་ཆ་ཤས་ཅན་ནམ་གཞན་ཡང་རུང་སྟེ་ལུས་ཞེས་བྱ་བ་ག
3123	80	1	STAGE2_MANUAL	ཞེས་གསུངས་ཏེ། གལ་ཏེ་ཐོ་ཡོར་ལ་དུས་ཐ་གི་ཙམ་ཞིག་ཏུ་མིར་འཁྲུལ་པར
3127	84	1	STAGE2_MANUAL	ཅེས་གསུངས་ཏེ། དེ་ལྟར་ལུས་རིལ་པོར་འཛིན་པ་ཟློག་པར་མ་ཟད་ཆ་ཤས་ཀྱ
3130	47	1	STAGE2_MANUAL	ཞེས་གསུངས་ཏེ། སྐྱེས་པ་དང་བུད་མེད་ནི་དབང་པོའི་ཁྱད་པར་ལས་བཞག་པ
3135	135	1	STAGE2_MANUAL	ཅེས་གསུངས་ཏེ། དེ་ཡང་ཚོར་བ་ནི་མིག་གིས་འདུས་ཏེ་རེག་པའི་རྐྱེན་ག
3138	71	1	STAGE2_MANUAL	ཞེས་གསུངས་ཏེ། སྡུག་བསྔལ་གྱི་ཚོར་བ་ཡོད་མོད་ནའང་བདེ་བ་སྟོབས་དང
3141	145	1	STAGE2_MANUAL	ཞེས་གསུངས་ཏེ། གལ་ཏེ་སྡུག་བསྔལ་ཕྲ་མོ་ཉིད་དུ་ཡོད་པས་རྒྱུན་ཆད་པ
3143	81	1	STAGE2_MANUAL	ཞེས་གསུངས་ཏེ། གལ་ཏེ་སྡུག་བསྔལ་ནི་རང་བཞིན་གྱིས་རྟག་པར་སྐྱེས་པ
3146	92	1	STAGE2_MANUAL	ཞེས་གསུངས་ཏེ། དེ་ཉིད་ཀྱི་ཕྱིར་ན་བདེ་སོགས་ཀྱི་ཚོར་བ་ལ་བདེན་པར
3150	102	1	STAGE2_MANUAL	ཞེས་གསུངས་ཏེ། དེ་ལ་དྲིས་པ་ཅི་དབང་དོན་བར་བཅས་སུ་སྐྱེའམ་བར་མེད
3153	153	1	STAGE2_MANUAL	ཞེས་གསུངས་ཏེ། གལ་ཏེ་རགས་པ་ཕྲད་པ་མ་ཡིན་གྱི་རྡུལ་ཕྲ་རབ་ཕྲད་པའོ
3157	42	1	STAGE2_MANUAL	གལ་ཏེ་རྣམ་ཤེས་ལའང་ཚོགས་པ་ལས་ཕྲད་པ་བཞག་གོ་ཞེ་ན། ཚོགས་པའང་དཔྱད
3166	59	1	STAGE2_MANUAL	ཞེས་གསུངས་ཏེ། གཞན་ཡང་གང་ཚོར་བའི་ཡུལ་ཞིག་ཡོད་ན་ཚོར་ལ་རག་མོད་ཀ
3170	111	1	STAGE2_MANUAL	ཞེས་གསུངས་ཏེ། གཞན་ཡང་ཚོར་བ་ཡང་དག་པར་མེད་དེ་དེ་སེམས་ཀྱིས་མི་མ
3174	45	1	STAGE2_MANUAL	ཞེས་གསུངས་ཏེ། ཚོར་བ་རང་གིས་ཚོར་བ་བདག་ཉིད་མྱོང་བའང་མིན་ཏེ་མིག
3175	58	1	STAGE2_MANUAL	དེ་ལྟར་དཔྱད་པ་ན་ཤེས་རབ་དྲི་མ་མེད་པའི་མདུན་ན་གང་ཞིག་ཚོར་བ་དང་
3178	50	1	STAGE2_MANUAL	ཅེས་གསུངས་ཏེ། དེ་ལྟར་ཆོས་དང་གང་ཟག་གི་བདག་མེད་པ་ལུས་སེམས་ཀྱི་
3184	68	1	STAGE2_MANUAL	ཞེས་གསུངས་ཏེ། དེ་ཡང་ཚོར་བ་ཡོད་དེ་ཚོར་བ་པོ་སེམས་ཡོད་པས་སོ་སྙམ
3185	53	1	STAGE2_MANUAL	སུ་ཞིག་སེམས་ཡིན་ཞེས་བརྟགས་ན་ནང་དབང་པོ་ཡང་སེམས་མིན་ལ་ཕྱི་ཡུལ་
3195	44	1	STAGE2_MANUAL	གལ་ཏེ་ཤེས་པ་སྔ་ན་ཤེས་བྱ་ལས་སྔར་ཤེས་པ་ཡོད་པར་འགྱུར་ལ། དེ་ལྟ་ན
3201	46	1	STAGE2_MANUAL	ཞེས་གསུངས་ཏེ། དེ་ལྟར་ན་ཆོས་རྣམས་ཐམས་ཅད་ཀྱི་སྐྱེ་འགག་གནས་པ་དང
3202	78	1	STAGE2_MANUAL	དེ་ལྟར་སེམས་གཟོད་ནས་དག་པར་མཐོང་བ་ནི་སེམས་དྲན་ཉེ་སྟེ། གཙུག་ན་
3206	91	1	STAGE2_MANUAL	ཞེས་གསུངས་ཏེ། དེ་ཡང་ལུས་དང་ཚོར་བ་དང་སེམས་སུ་ཞེན་པ་དེ་ལྟར་ཟློ
3210	55	1	STAGE2_MANUAL	ཅེས་གསུངས་ཏེ། དེའི་ཚེ་རྣམ་རིག་པ་དང་དངོས་སྨྲ་བ་དག་ན་རེ། གལ་ཏེ
3211	99	1	STAGE2_MANUAL	དེ་ཡང་ཀུན་རྫོབ་གཞན་གྱིས་ན། སེམས་ཅན་མྱ་ངན་ག་ལ་འདའ།། ཞེས་གསུངས
3215	191	1	STAGE2_MANUAL	ཞེས་གསུངས་ཏེ། དེ་ལྟར་སངས་རྒྱས་པ་དང་མ་རྒྱས་པར་བཞག་པ་འདི་ནི་གཞ
3217	62	1	STAGE2_MANUAL	ཅེས་གསུངས་ཏེ། ཕྱི་ནས་ཁྱེད་ཅག་གིས་ཀྱང་དེ་ལྟ་བུ་ངེས་ཤིང་ཁོང་དུ
3223	80	1	STAGE2_MANUAL	དང་པོ་ནི། རྟོག་དང་བརྟག་པར་བྱ་བ་དག། གཉིས་པོ་ཕན་ཚུན་བརྟེན་པ་ཡི
3226	97	1	STAGE2_MANUAL	ཅེས་གསུངས་ཏེ། དེ་ལྟར་དཔྱད་ན་རྟོག་པ་ཕན་ཚུན་བརྟེན་པའི་ཕྱིར་གཉི
3233	167	1	STAGE2_MANUAL	ཅེས་གསུངས་ཏེ། དེ་ཚེ་རྣམ་དཔྱོད་དེ་ཡང་ནི། རྣམ་དཔྱོད་ཕྱིར་ན་ཐུག
3234	47	1	STAGE2_MANUAL	དེ་ལྟར་སྒྲོ་སྐུར་གྱི་ཞེན་པ་ལོག་པ་ན་ཆོས་རྣམས་ཀྱི་རང་བཞིན་བསལ་
3235	67	1	STAGE2_MANUAL	དེ་ལྟར་ཆོས་འདུས་བྱས་སམ་འདུས་མ་བྱས་གང་ཡང་མི་དམིགས་པས་དགེ་བ་དང
3240	71	1	STAGE2_MANUAL	ཞེས་གསུངས་ཏེ། དེ་ཡང་དངོས་པོར་སྨྲ་བ་རྣམས་གང་གི་ལུགས་ལྟར་ན་རྣམ
3243	44	1	STAGE2_MANUAL	ཅེས་གསུངས་ཏེ། དོན་སྨྲ་བ་ན་རེ། གལ་ཏེ་ཤེས་པ་དང་དབང་པོ་ལས་ཕྱི་ད
3245	88	1	STAGE2_MANUAL	ཞེས་གསུངས་ཏེ། འོན་ཏེ་ཡུལ་ཤེས་བྱ་ཡོད་པ་ལས་ཡུལ་ཅན་ཤེས་པ་གྲུབ་བ
3249	45	1	STAGE2_MANUAL	དེ་བཞིན་དུ་ཕ་མེད་ན་ནི་བུ་ཉིད་གང་ལས་བྱུང་བ་ཡིན། གང་ལ་དེས་སྐྱེ
3252	43	1	STAGE2_MANUAL	ཞེས་གསུངས་ཏེ། གལ་ཏེ་མྱུ་གུ་ས་བོན་ལས་སྐྱེ་ཞིང་ས་བོན་ཡོད་པར་མྱ
3254	91	1	STAGE2_MANUAL	ཞེས་གསུངས་ཏེ། དེ་ནི་དཔེ་མི་མཚུངས་ཏེ་མྱུ་གུ་ལས་དོན་གཞན་ཞིང་ཐ་
3262	47	1	STAGE2_MANUAL	ཞེས་གསུངས་ཏེ། དེ་ལ་སྨྲས་པ་རེ་ཞིག་རྒྱུ་མེད་པ་ཡང་མ་ཡིན་ལ་ངོ་བོ
3265	94	1	STAGE2_MANUAL	ཞེས་གསུངས་ཏེ། རྨ་བྱའི་སྒྲོ་གཤོག་ཁ་དོག་སྣ་ཚོགས་པ་ཅན་གྱི་ཁ་དོག
3268	42	1	STAGE2_MANUAL	ཞེས་གསུངས་ཏེ། རྒྱུའི་དབྱེ་བ་དེ་དག་གང་གིས་བྱས་གལ་ཏེ་བྱེད་པ་པོ
3270	42	1	STAGE2_MANUAL	གཞན་ཡང་རྒྱུ་མེད་པར་འདོད་ཅིང་དེའི་གཏན་ཚིགས་ཀྱང་འགོད་པ་ནི་སྐད་
3273	51	1	STAGE2_MANUAL	དང་པོ་ནི། དེ་ཡང་བྱེ་བྲག་པ་ལ་སོགས་པ་ན་རེ། དབང་ཕྱུག་ཅེས་བྱ་བའི
3280	54	1	STAGE2_MANUAL	ཞེས་གསུངས་ཏེ། ཁོ་ན་རེ། འབྱུང་བ་ཆེན་པོ་རྣམས་ལ་དབང་ཕྱུག་ཏུ་འདོ
3282	111	1	STAGE2_MANUAL	ཞེས་གསུངས་ཏེ། འོན་ཀྱང་ཁྱོད་ཉིད་ཀྱི་ལུགས་ལ་འགལ་ཏེ་ས་སོགས་འབྱུ
3285	95	1	STAGE2_MANUAL	ཞེས་གསུངས་ཏེ། གལ་ཏེ་ནམ་མཁའ་དབང་ཕྱུག་གོ་ཞེ་ན། དབང་ཕྱུག་ནི་ནམ་
3290	68	1	STAGE2_MANUAL	ཞེས་གསུངས་ཏེ། གལ་ཏེ་ཐམས་ཅད་བདག་གིས་སྤྲུལ་པས་བདག་ནི་དབང་ཕྱུག་
3293	49	1	STAGE2_MANUAL	ཞེས་གསུངས་ཏེ། དེས་ན་ཤེས་པ་དང་ཤེས་བྱ་ནི་ཕན་ཚུན་བལྟོས་པ་ལས་སྐྱ
3297	41	1	STAGE2_MANUAL	ཅེས་གསུངས་ཏེ། གཞན་ཡང་རྒྱུ་དབང་ཕྱུག་དེ་ལ་སྔོན་གྱི་ཐོག་མའི་མཐའ
3299	158	1	STAGE2_MANUAL	ཞེས་གསུངས་ཏེ། གལ་ཏེ་དབང་ཕྱུག་དེ་ཐམས་ཅད་བྱེད་པ་པོ་ཡིན་ན་དེས་ཆ
3301	62	1	STAGE2_MANUAL	ཅེས་གསུངས་ཏེ། གལ་ཏེ་རྒྱུ་དེ་དག་ལ་བལྟོས་ན་ནི་ཚོགས་པ་ཉིད་རྒྱུ་
3304	91	1	STAGE2_MANUAL	ཞེས་གསུངས་ཏེ། ཡང་དྲིས་པ། ཅི་དབང་ཕྱུག་དེ་མི་འདོད་བཞིན་དུ་དངོས
3307	57	1	STAGE2_MANUAL	ཞེས་གསུངས་ཏེ། དེ་ལྟར་བྱེ་བྲག་པ་སོགས་བཀག་ནས་གཞན་དཔྱོད་པ་བ་ལ་ས
3309	45	1	STAGE2_MANUAL	ཞེས་པས་ཆ་མེད་མི་འགྲུབ་ཅིང་རྡུལ་ཕྲ་རབ་གསེར་ཡིན་ན་དེ་བསགས་པའི་
3316	134	1	STAGE2_MANUAL	ཅེས་གསུངས་ཏེ། དེ་ཡང་གཙོ་བོ་རྟག་པ་ནི་བརྟན་གཡོའི་འགྲོ་བ་ཡི་རྒྱ
3317	140	1	STAGE2_MANUAL	གཙོ་བོ་ལས་ཆེན་པོའམ་བློ་ཞེས་བྱ་བ་ཤེལ་གྱི་མེ་ལོང་ངོས་གཉིས་པ་ལྟ
3320	62	1	STAGE2_MANUAL	ཞེས་གསུངས་ཏེ། དེ་ལ་བརྒལ་བ། གཙོ་བོ་གཅིག་པུ་ལ་རང་བཞིན་གསུམ་ཉིད
3322	54	1	STAGE2_MANUAL	དེ་བཞིན་དུ་ཡོན་ཏན་རྡུལ་མུན་སྙིང་སྟོབས་གསུམ་པོ་དེ་ཉིད་ཡོད་པ་མ
3325	49	1	STAGE2_MANUAL	ཞེས་གསུངས་ཏེ། དེ་ལྟར་ཡོན་ཏན་དེ་ཉིད་མེད་ན་དེ་ལྡན་གྱི་གཙོ་བོས་
3328	64	1	STAGE2_MANUAL	ཞེས་གསུངས་ཏེ། འགྲོ་བ་ཉེར་གསུམ་པོ་ཐམས་ཅད་ཡོན་ཏན་བདེ་སོགས་གསུམ
3330	89	1	STAGE2_MANUAL	ཅེས་གསུངས་ཏེ། གལ་ཏེ་དངོས་པོ་རྣམས་བདེ་སོགས་དེའི་རྒྱུའི་རང་བཞི
3338	47	1	STAGE2_MANUAL	ཞེས་གསུངས་ཏེ། གཞན་ཡང་གཙོ་བོ་དང་ཡོན་ཏན་དེ་དག་རྟག་པ་མ་ཡིན་ཏེ། 
3340	46	1	STAGE2_MANUAL	ཞེས་གསུངས་ཏེ། དེ་བདེ་བ་ལ་སོགས་པའི་གསལ་བ་སྟེ་བྱེ་བྲག་གམ་ཁྱད་པ
3346	42	1	STAGE2_MANUAL	ཅེས་གསུངས་ཏེ། བདེ་སོགས་དེ་སྐད་ཅིག་གིས་རགས་པ་དོར་ནས་ཕྲ་བར་གྱུ
3349	59	1	STAGE2_MANUAL	ཅེས་གསུངས་ཏེ། བདེ་སོགས་ཀྱི་རགས་པ་དང་ཕྲ་བ་ཡང་བདེ་སོགས་ལས་གཞན་
3353	91	1	STAGE2_MANUAL	ཅེས་གསུངས་ཏེ། དེ་ལྟར་དཔྱད་པ་ན་གཙོ་བོ་རྒྱུ་མ་ཡིན་པ་བདེན་མོད་ཀ
3356	86	1	STAGE2_MANUAL	ཞེས་གསུངས་ཏེ། དེ་ལྟ་མོད་ཀྱིས་གལ་ཏེ་རྒྱུ་ལ་འབྲས་བུ་གནས་པར་འདོ
3359	122	1	STAGE2_MANUAL	ཞེས་གསུངས་ཏེ། གལ་ཏེ་རྒྱུ་ལ་འབྲས་བུ་ཡོད་མོད་ཀྱང་འཇིག་རྟེན་རྨོ
3361	49	1	STAGE2_MANUAL	ཞེས་གསུངས་ཏེ། གལ་ཏེ་འཇིག་རྟེན་གྱིས་མ་མཐོང་བ་སྐྱོན་མིན་ཏེ་འཇི
3365	77	1	STAGE2_MANUAL	ཞེས་གསུངས་ཏེ། དེ་ཡང་གལ་ཏེ་རྒོལ་བ་དག་ན་རེ། ཁྱེད་དབུ་མ་པའི་ལུག
3368	141	1	STAGE2_MANUAL	ཞེས་གསུངས་ཏེ། གང་བཏགས་པའི་དངོས་པོ་ཙམ་དེ་ལ་མ་རེག་པ་སྟེ་མ་བརྟེ
3371	97	1	STAGE2_MANUAL	ཞེས་གསུངས་ཏེ། དེས་ན་རྨི་ལམ་དུ་བུ་སྐྱེས་ནས་ཤི་བར་རྨིས་ན་སྐྱེས
3376	72	1	STAGE2_MANUAL	ཞེས་གསུངས་ཏེ། དེ་བས་དེ་ལྟར་རྣམ་པར་དཔྱད་པས་ཆོས་འགའ་ཡང་རྒྱུ་མེ
3379	61	1	STAGE2_MANUAL	ཅེས་གསུངས་ཏེ། རྨོངས་པས་བདེན་པར་གང་བྱས་ཤིང་བཟུང་བ་འདི་ཐམས་ཅད་
3381	43	1	STAGE2_MANUAL	དང་པོ་ལ་བཞི། སྒྱུ་མ་ལྟར་འགྲོ་འོང་གནས་པ་མེད་པར་བསྟན། གཟུགས་བར
3384	81	1	STAGE2_MANUAL	ཞེས་གསུངས་ཏེ། དེ་ཡང་སྒྱུ་མའི་སྔགས་སོགས་ཀྱིས་སྤྲུལ་པའི་སྒྱུ་མ
3387	79	1	STAGE2_MANUAL	ཅེས་གསུངས་ཏེ། དེས་ན་དངོས་པོ་གང་ཞིག་མེ་ལོང་དང་གཟུགས་ཉེ་བ་ན་གཟ
3394	46	1	STAGE2_MANUAL	ཞེས་གསུངས་ཏེ། གལ་ཏེ་དངོས་པོ་མེད་པའི་གནས་སྐབས་ཉིད་ཕྱིས་དངོས་པ
3395	41	1	STAGE2_MANUAL	དེ་མི་འགྱུར་ཡང་གནས་སྐབས་གཞན་ཞིག་དངོས་པོར་འགྱུར་རོ་ཞེ་ན། དངོས
3397	69	1	STAGE2_MANUAL	ཞེས་གསུངས་ཏེ། དེས་ན་དངོས་པོ་ཡོད་མེད་དང་དེའི་གནས་སྐབས་དང་དེ་ལ
3399	43	1	STAGE2_MANUAL	ཅེས་གསུངས་ཏེ། གཞི་གཅིག་ལ་བལྟོས་ཏེ་དངོས་པོ་སྐྱེ་བར་མ་གྱུར་པ་ད
3401	52	1	STAGE2_MANUAL	ཞེས་གསུངས་ཏེ། དེས་ན་དངོས་པོ་ནི་སྔར་ཡོད་པ་ལས་ཕྱིས་མེད་པར་འགྱུ
3405	70	1	STAGE2_MANUAL	ཅེས་གསུངས་ཏེ། དེ་ལྟར་སྐྱེ་བ་མེད་པས་འགག་པ་དང༌། གནས་པ་ཡང་ཡོད་པ
3408	62	1	STAGE2_MANUAL	ཅེས་གསུངས་ཏེ། དེས་ན་ཇི་ལྟར་རྨི་ལམ་གྱི་ཆུ་དང་སྐམ་ས་ལྟར་འཁོར་བ
3409	52	1	STAGE2_MANUAL	ལྔ་པ་སྟོང་ཉིད་བསྒོམས་པའི་འབྲས་བུ་ལ་གསུམ། ཉོན་མོངས་ཀྱིས་མི་འཕ
3414	182	1	STAGE2_MANUAL	ཅེས་གསུངས་ཏེ། དེ་ཡང་ཀུན་རྫོབ་བྱང་ཆུབ་ཀྱི་སེམས་མྱུ་གུ་ལྟ་བུ་ག
3417	75	1	STAGE2_MANUAL	བྱིས་པ་རྣམས་གང་ལ་ཞེན་པའི་ཡུལ་དེ་དག་ལ་མཁས་པ་རྣམས་ཇི་སྙམ་དུ་ཡང
3420	76	1	STAGE2_MANUAL	ཅེས་གསུངས་ཏེ། ཡང་དག་པ་དེ་ཁོ་ན་ཉིད་དུ་སོ་སོར་རྟོག་པའི་ཤེས་རབ་
3422	67	1	STAGE2_MANUAL	ཞེས་གསུངས་ཏེ། དེ་ལྟར་ཚུལ་བཞིན་དཔྱད་པ་ན་སྔར་མ་རྟོགས་པའི་དུས་བ
3425	135	1	STAGE2_MANUAL	ཞེས་གསུངས་ཏེ། དེའི་ཚེ་འབྱུང་འགྱུར་མ་འོངས་པ་དེ་གང་ཞིག་ཡིན་ལ། 
3426	130	1	STAGE2_MANUAL	འོ་ན་འཁོར་བའི་རྒྱུ་ནི་སྲེད་པ་ཡིན་ལ་སྟོང་ཉིད་བསྒོམས་པས་སྲེད་པ
3427	70	1	STAGE2_MANUAL	གཉིས་པ་མ་རྟོགས་པ་ལ་སྙིང་རྗེ་སྐྱེ་བས་ཞི་བར་མི་ལྟུང་བ་ལ་དྲུག ས
3431	129	1	STAGE2_MANUAL	ཞེས་གསུངས་ཏེ། དེ་ལྟ་མོད་ཀྱི་དེ་ལྟར་མ་རྟོགས་པའི་སེམས་ཅན་ལ་སྙི
3432	421	1	STAGE2_MANUAL	དེ་ལྟ་མོད་ཀྱིས་མ་རྒན་སྨྱོན་པ་ལྟ་བུ་ཅི་བྱ་མཚང་བརླག་པ་འདི་རྣམས
3433	77	1	STAGE2_MANUAL	དེ་བཞིན་དུ་སྤོང་བ་བདུན་ག་ལ་འདི་ལྟ་བུར་ཤེས་པར་བྱ་སྟེ་ཚེ་འདིའི
3434	159	1	STAGE2_MANUAL	དེ་བཞིན་དུ་སྐྱེ་བ་གཏན་གྱི་ཕ་མ་ཐམས་ཅད་འཁོར་བའི་སྡུག་བསྔལ་དར་ད
3437	149	1	STAGE2_MANUAL	ཞེས་གསུངས་ཏེ། ཡང་རིང་སྲེལ་ཅན་གྱི་མཆོད་རྟེན་ལ་ཕྱག་གཅིག་བྱས་པས
3442	64	1	STAGE2_MANUAL	ཅེས་གསུངས་ཏེ། དེས་ན་འཁོར་བ་འདི་ནི་གང་ལ་ཡང་ཡིད་བརྟན་པར་མི་ནུས
3443	79	1	STAGE2_MANUAL	གང་དུ་སྐྱེས་པ་དེར་ཡང་བདེ་བ་ལ་ཆགས་ཤིང་སྡུག་བསྔལ་ལ་སྡང་བར་བྱེད
3444	78	1	STAGE2_MANUAL	དེར་ཡང་དཔེ་མེད་མི་བཟད་པའི།། སྡུག་བསྔལ་རྒྱ་མཚོ་མཐའ་ལས་འདས། ཞེ
3448	86	1	STAGE2_MANUAL	ཞེས་གསུངས་ཏེ། བདེ་འགྲོ་མཐོ་རིས་པ་རྣམས་ཀྱང་གཉེན་པོའི་སྟོབས་ཆུ
3452	156	1	STAGE2_MANUAL	ཞེས་གསུངས་ཏེ། གལ་ཏེ་ཆོས་ལ་འཇུག་པ་ལན་རེ་རྙེད་སྲིད་ཀྱང་ཚེ་རབས་
3461	141	1	STAGE2_MANUAL	ཞེས་གསུངས་ཏེ། དེ་ལྟར་སྡུག་བསྔལ་འབའ་ཞིག་གིས་ཐོག་མ་མེད་པ་ནས་སྐ
3469	166	1	STAGE2_MANUAL	ཞེས་གསུངས་ཏེ། དེ་ལྟར་ཤེས་རབ་དྲི་མ་མེད་པས་གླང་པོ་ཆེ་ས་སྲུང་གི
3474	192	1	STAGE2_MANUAL	ཞེས་གསུངས་ཏེ། ཤེས་རབ་དྲི་མ་མེད་པ་ཡེ་ཤེས་ཀྱི་ཚོགས་ལས་མི་གཡོ་བ
3476	44	1	STAGE2_MANUAL	CH-10 དེ་ལྟར་བརྩམས་པའི་དགེ་བ་ལེགས་པའི་ཚོགས་ཉིད་དུ་བསྔོ་བར་འབ
3483	188	1	STAGE2_MANUAL	བྱང་ཆུབ་སྤྱོད་ལ་འཇུག་པར་ཤོག། ཅེས་གསུངས་ཏེ། དེ་ཡང་སློབ་དཔོན་ཉ
3486	55	1	STAGE2_MANUAL	བདེ་དགའ་རྒྱ་མཚོ་འཐོབ་པར་ཤོག། ཅེས་གསུངས་ཏེ། བྱེ་བྲག་ཏུ་ལུས་སེ
3489	62	1	STAGE2_MANUAL	བདེ་བ་རྒྱུན་མི་འཆད་པར་ཤོག། ཅེས་གསུངས་ཏེ། དེ་དག་གི་དགའ་བདེ་དེ
3490	132	1	STAGE2_MANUAL	གཉིས་པ་ངན་སོང་གསུམ་གྱི་སྡུག་བསྔལ་ཞི་བར་བསྔོ་བ་ལ་བཅུ་བཞི། འཇི
3507	58	1	STAGE2_MANUAL	བརྒྱད་པ་སློབ་དཔོན་ཉིད་ཀྱི་དགེ་བའི་མཐུས་སྡུག་བསྔལ་ཞི་བར་བསྔོ་
3508	80	1	STAGE2_MANUAL	དགུ་པ་ཕྱག་ན་རྡོ་རྗེའི་མཐུས་སྡུག་བསྔལ་ཞི་བར་བསྔོ་བ་ནི། ཅི་ཕྱི
3512	127	1	STAGE2_MANUAL	བཅུ་གཅིག་པ་འཇམ་དབྱངས་ཀྱི་མཐུས་སྡུག་བསྔལ་ཞི་བར་བསྔོ་བ་ནི། གྲོ
3515	157	1	STAGE2_MANUAL	སེམས་ཅན་དམྱལ་བ་དེ་དག་མངོན་པར་དགའ་གྱུར་ཅིག། ཅེས་གསུངས་ཏེ། གཞན
3516	61	1	STAGE2_MANUAL	ཞེས་གསོལ་ཞིང་གཤིན་རྗེའི་རྒྱལ་པོས་བལྟས་ན་སྤྱན་རས་གཟིགས་བཞུགས་
3518	98	1	STAGE2_MANUAL	ཞེས་དེའི་མདུན་ན་རྒྱུག་པ་དང་དེས་ཕྱག་ཞབས་ཀྱི་སོར་མོ་བཅུ་ལས་ཆུ་
3523	107	1	STAGE2_MANUAL	ཡི་དྭགས་རྣམས་ནི་ཚིམ་བྱས་ཤིང༌།། ཁྲུས་བྱས་རྟག་ཏུ་བསིལ་བར་ཤོག། 
3525	63	1	STAGE2_MANUAL	དང་པོ་ནི། ལོང་བ་རྣམས་ཀྱིས་མིག་མཐོང་ཞིང༌།། འོན་པས་རྟག་ཏུ་སྒྲ་
3526	80	1	STAGE2_MANUAL	ལྷ་མོ་སྒྱུ་འཕྲུལ་བཞིན་དུ་ནི།། སྦྲུམ་མའང་གནོད་མེད་བཙའ་བར་ཤོག།
3536	52	1	STAGE2_MANUAL	ཕན་ཚུན་སེམས་ནི་མཉེན་གྱུར་ཅིག། ཅེས་གསུངས་ཏེ། ཚིག་རྐང་དང་པོས་མ
3543	142	1	STAGE2_MANUAL	མི་ངལ་བདེ་བླག་འདོང་བར་ཤོག། ཅེས་གསུངས་ཏེ། དང་པོས་དེ་ཐམས་ཅད་ལམ
3545	69	1	STAGE2_MANUAL	ལྷ་དག་སྲུང་བར་བྱེད་པ་ཤོག། ཅེས་གསུངས་ཏེ། དབུལ་པོ་སོགས་སློང་བའ
3550	50	1	STAGE2_MANUAL	རང་དབང་དུ་ནི་སྤྱོད་པར་ཤོག། ཅེས་གསུངས་ཏེ། བྱང་ཆུབ་སེམས་དཔའ་ནམ
3553	105	1	STAGE2_MANUAL	དེ་དག་སྐྱེས་པ་ཉིད་གྱུར་ཅིག། ཅེས་གསུངས་ཏེ། བུད་མེད་རྣམས་སྐྱེས
3554	98	1	STAGE2_MANUAL	མ་རབས་རྣམས་ནི་མཐོ་ཐོབ་ཅིང༌།། ང་རྒྱལ་དག་ཀྱང་བཅོམ་པར་ཤོག། ཅེས་
3558	62	1	STAGE2_MANUAL	ཞེས་གསུངས་ཏེ། ཚིགས་བཅད་གསུམ་གྱིས་ཐམས་ཅད་དགེ་སྡིག་གི་བླང་དོར་
3560	85	1	STAGE2_MANUAL	ཕྱོགས་རྣམས་ཐམས་ཅད་གང་བར་ཤོག། ཅེས་གསུངས་ཏེ། དེ་ནས། དཔག་བསམ་ཤི
3563	50	1	STAGE2_MANUAL	རང་བཞིན་འཇམ་པོར་གནས་གྱུར་ཅིག། ཅེས་གསུངས་ཏེ། ས་ཕལ་པ་དང་མཐོ་དམ
3564	45	1	STAGE2_MANUAL	འཁོར་གྱི་དཀྱིལ་འཁོར་ཡོད་དགུར་ཡང༌།། བྱང་ཆུབ་སེམས་དཔའ་མང་པོ་དག
3566	64	1	STAGE2_MANUAL	རྒྱུན་མི་འཆད་པར་ཐོས་པར་ཤོག། ཅེས་གསུངས་ཏེ། ནམ་མཁས་ཀླས་པའི་ཞིང
3570	70	1	STAGE2_MANUAL	ལྷ་ཡང་དུས་སུ་ཆར་འབེབས་ཤིང༌།། ལོ་ཏོག་ཕུན་སུམ་ཚོགས་པར་ཤོག། ཅེས
3571	63	1	STAGE2_MANUAL	སྨན་རྣམས་མཐུ་དང་ལྡན་པ་དང༌།། གསང་སྔགས་བཟླས་བརྗོད་འགྲུབ་པར་ཤོག
3572	85	1	STAGE2_MANUAL	མཁའ་འགྲོ་སྲིན་པོ་ལ་སོགས་པ།། སྙིང་རྗེའི་སེམས་དང་ལྡན་གྱུར་ཅིག།
3579	46	1	STAGE2_MANUAL	དགེ་འདུན་དོན་ཡང་འགྲུབ་པར་ཤོག། ཅེས་གསུངས་ཏེ། དེ་ནི་དགེ་འདུན་ག
3580	76	1	STAGE2_MANUAL	མདོར་ན་ཆོས་འདི་པའི་ཐེག་པ་ཆེ་ཆུང་གི་གཙུག་ལག་ཁང་དང༌། གཙུག་ལག་ཁ
3581	139	1	STAGE2_MANUAL	དེ་ཐམས་ཅད་དུ་དགེ་འདུན་རྣམས་མཐུན་པ་དང་མི་ཕྱེད་པ་འོ་མ་དང་འོ་མ་
3583	181	1	STAGE2_MANUAL	བསླབ་པ་འདོད་པའི་དགེ་སློང་དག། དབེན་པ་དག་ཀྱང་འཐོབ་པར་ཤོག། གཡེང
3584	55	1	STAGE2_MANUAL	དེ་ལྟར་བསླབ་པ་གསུམ་འདོད་པའི་དགེ་སློང་རྣམས་ཀྱི་བསླབ་པ་དག་པའི་
3585	78	1	STAGE2_MANUAL	གཡེང་བ་སྤོང་བའི་ཚིག་གིས་ནི་དབེན་པ་དེ་གཉིས་གསལ་བར་བྱེད་པ་སྟེ།
3586	108	1	STAGE2_MANUAL	དགེ་སློང་མ་རྣམས་རྙེད་ལྡན་ཞིང༌།། འཐབ་དང་གནོད་པ་སྤོང་བར་ཤོག། ཅ
3588	49	1	STAGE2_MANUAL	བུད་མེད་ནི་རང་བཞིན་གྱིས་འཐབ་ཀྲོལ་ལ་དགའ་ཞིང་ཟས་ལ་གདུ་བའི་ཕྱིར
3591	133	1	STAGE2_MANUAL	བདེ་འགྲོ་དག་ཀྱང་ཐོབ་གྱུར་ནས།། དེར་ཡང་བརྟུལ་ཞུགས་མི་ཉམས་ཤོག། 
3592	66	1	STAGE2_MANUAL	འདི་ལ་སྐྱེ་བ་སྔ་མ་ཇི་སྲིད་འཚོའི་བར་ཁས་བླངས་པའི་དུས་ཀྱི་ཆ་ཕྱོ
3593	400	1	STAGE2_MANUAL	གལ་ཏེ་ཕྱི་མར་བརྟུལ་ཞུགས་མ་ཉམས་པར་ཡོད་ན་སྔ་མའི་སྡོམ་པ་ཇི་སྲིད
3594	94	1	STAGE2_MANUAL	རྒྱུད་ནི་ཡོངས་སུ་དག་པ་དང༌།། ཕྱོགས་རྣམས་ཀུན་ཏུ་གྲགས་པར་ཤོག། ཅ
3595	77	1	STAGE2_MANUAL	ཞེས་གསུངས་པ་ལྟར། ཡོན་ཏན་ཤེས་སམ་མི་ཤེས་ཀྱང་རུང་སྟེ་སྐྱེ་བོ་རང
3597	138	1	STAGE2_MANUAL	དེ་དག་སངས་རྒྱས་མྱུར་འགྲུབ་ཤོག། ཅེས་གསུངས་ཏེ། དེ་ལ་མཁས་པ་ཡང་ད
3601	69	1	STAGE2_MANUAL	དེ་ནས་རྒྱལ་བ་དང་རྒྱལ་སྲས་རྣམས་ཀྱི་བཞེད་པ་རྫོགས་པར་བསྔོས་པ་སྟ
3603	141	1	STAGE2_MANUAL	དེ་བཞིན་རང་སངས་རྒྱས་རྣམས་དང༌།། ཉན་ཐོས་རྣམས་ཀྱང་བདེ་གྱུར་ཅིག།
3606	120	1	STAGE2_MANUAL	རབ་ཏུ་འབྱུང་བ་འཐོབ་པར་ཤོག། ཅེས་གསུངས་ཏེ། དེ་ཡང་ཁེངས་སྐྱུང་ཞི
3608	42	1	STAGE2_MANUAL	ཕུན་སུམ་ལྡན་པ་ཐོབ་གྱུར་ཅིག། ཅེས་གསུངས་ཏེ། དེ་བཞིན་དུ་ཁམ་གྱིི
3613	146	1	STAGE2_MANUAL	བདག་སོགས་སྤྱོད་པའང་དེ་འདྲར་ཤོག། ཅེས་གསུངས་ཏེ། སེམས་ཅན་ཐམས་ཅད
3615	71	1	STAGE2_MANUAL	དེ་སྲིད་བདག་ནི་གནས་གྱུར་ཏེ། འགྲོ་བའི་སྡུག་བསྔལ་སེལ་བར་ཤོག། ཅ
3617	63	1	STAGE2_MANUAL	འགྲོ་བ་བདེ་ལ་འགོད་པར་ཤོག། ཅེས་གསུངས་ཏེ། བདག་གི་བདེ་བ་དང་གཞན་
3620	266	1	STAGE2_MANUAL	བཅས་ཏེ་ཡུན་རིང་གནས་གྱུར་ཅིག། ཅེས་གསུངས་ཏེ། འགྲོ་བ་ཐམས་ཅད་ཀྱི
3623	162	1	STAGE2_MANUAL	ཞེས་གསུངས་ཏེ། ཡོན་ཏན་ཐམས་ཅད་དགེ་བའི་བཤེས་གཉེན་ལས་བྱུང་བར་སྟོ
3626	60	1	STAGE2_MANUAL	ཞེས་མཛད་བྱང་དང༌། རྒྱ་གར་གྱི་མཁན་པོ་སརྦ་ཛྙཱ་དེ་ཝ་སྟེ་ཐམས་ཅད་མ
3627	122	1	STAGE2_MANUAL	སླར་པཎྜི་ཏ་དྷརྨ་ཤྲི་བྷ་ཏྲ་ཆོས་དཔལ་བཟང་པོ་དང༌། ཞུས་ཆེན་གྱི་ལོ
3628	154	1	STAGE2_MANUAL	ཞེས་པ་འདི་ཡང་དཔའ་བོ་གཙུག་ལག་ཕྲེང་བས་མཛད་པའི་སྤྱོད་འཇུག་གི་འག
